"Source:","C:\Users\labmi\Documents\GitHub\ExoFlex\Electrique\ExoFlexV2\ExoFlex_Kicad.kicad_sch"
"Date:","2024-04-18 10:38:08"
"Tool:","Eeschema (6.0.10)"
"Generator:","C:\Program Files\KiCad\6.0\bin\scripting\plugins/bom_csv_grouped_by_value.py"
"Component Count:","614"

"Individual Components:"

"Item","Qty","Reference(s)","Value","LibPart","Footprint","Datasheet","AVAILABILITY","DESCRIPTION","MANUFACTURER","MAXIMUM_PACKAGE_HEIGHT","MF","MP","PACKAGE","PARTREV","PRICE","PURCHASE-URL","STANDARD"
"","","C1","10uF","Device:C","Capacitor_SMD:C_0603_1608Metric","~","","","","","","","","","","",""
"","","C2","150uF 50V","Device:C_Polarized_US","FootPrint:CAP_EEHZS1H151P","~","","","","","","","","","","",""
"","","C3","10 uF","Device:C","Capacitor_SMD:C_0805_2012Metric","~","","","","","","","","","","",""
"","","C4","0,047uF","Device:C","Capacitor_SMD:C_0603_1608Metric","~","","","","","","","","","","",""
"","","C5","100uF 20V","Device:C_Polarized_US","FootPrint:CAP_PC_8X7_NCH","~","","","","","","","","","","",""
"","","C6","220uF 50V","Device:C_Polarized_US","FootPrint:CAP_EEHZS1H221P","~","","","","","","","","","","",""
"","","C7","0,047uF","Device:C","Capacitor_SMD:C_0603_1608Metric","~","","","","","","","","","","",""
"","","C8","100uF","Device:C","Capacitor_SMD:C_1210_3225Metric","~","","","","","","","","","","",""
"","","C9","220uF 20V","Device:C_Polarized_US","FootPrint:CAP_20SVPK220M","~","","","","","","","","","","",""
"","","C10","10uF","Device:C","Capacitor_SMD:C_0603_1608Metric","~","","","","","","","","","","",""
"","","C11","1uF","Device:C","Capacitor_SMD:C_0603_1608Metric","~","","","","","","","","","","",""
"","","C12","47uF","Device:C","Capacitor_SMD:C_1206_3216Metric","~","","","","","","","","","","",""
"","","C13","10uF","Device:C","Capacitor_SMD:C_0603_1608Metric","~","","","","","","","","","","",""
"","","C14","10uF","Device:C","Capacitor_SMD:C_0603_1608Metric","~","","","","","","","","","","",""
"","","C15","10uF","Device:C","Capacitor_SMD:C_0603_1608Metric","~","","","","","","","","","","",""
"","","C16","10uF","Device:C","Capacitor_SMD:C_0603_1608Metric","~","","","","","","","","","","",""
"","","C17","10uF","Device:C","Capacitor_SMD:C_0603_1608Metric","~","","","","","","","","","","",""
"","","C18","1nF","Device:C","Capacitor_SMD:C_0603_1608Metric","~","","","","","","","","","","",""
"","","C19","1nF","Device:C","Capacitor_SMD:C_0603_1608Metric","~","","","","","","","","","","",""
"","","C20","1nF","Device:C","Capacitor_SMD:C_0603_1608Metric","~","","","","","","","","","","",""
"","","C21","1nF","Device:C","Capacitor_SMD:C_0603_1608Metric","~","","","","","","","","","","",""
"","","C22","1nF","Device:C","Capacitor_SMD:C_0603_1608Metric","~","","","","","","","","","","",""
"","","C23","1nF","Device:C","Capacitor_SMD:C_0603_1608Metric","~","","","","","","","","","","",""
"","","C24","1nF","Device:C","Capacitor_SMD:C_0603_1608Metric","~","","","","","","","","","","",""
"","","C25","1nF","Device:C","Capacitor_SMD:C_0603_1608Metric","~","","","","","","","","","","",""
"","","C26","1nF","Device:C","Capacitor_SMD:C_0603_1608Metric","~","","","","","","","","","","",""
"","","C27","0,01uF","Device:C","Capacitor_SMD:C_0603_1608Metric","~","","","","","","","","","","",""
"","","C28","0,01uF","Device:C","Capacitor_SMD:C_0603_1608Metric","~","","","","","","","","","","",""
"","","C29","0,01uF","Device:C","Capacitor_SMD:C_0603_1608Metric","~","","","","","","","","","","",""
"","","C30","0,01uF","Device:C","Capacitor_SMD:C_0603_1608Metric","~","","","","","","","","","","",""
"","","C31","0,01uF","Device:C","Capacitor_SMD:C_0603_1608Metric","~","","","","","","","","","","",""
"","","C32","0,01uF","Device:C","Capacitor_SMD:C_0603_1608Metric","~","","","","","","","","","","",""
"","","C33","1nF","Device:C","Capacitor_SMD:C_0603_1608Metric","~","","","","","","","","","","",""
"","","C34","0,01uF","Device:C","Capacitor_SMD:C_0603_1608Metric","~","","","","","","","","","","",""
"","","C35","0,01uF","Device:C","Capacitor_SMD:C_0603_1608Metric","~","","","","","","","","","","",""
"","","C36","0,01uF","Device:C","Capacitor_SMD:C_0603_1608Metric","~","","","","","","","","","","",""
"","","C37","0,01uF","Device:C","Capacitor_SMD:C_0603_1608Metric","~","","","","","","","","","","",""
"","","C38","0,01uF","Device:C","Capacitor_SMD:C_0603_1608Metric","~","","","","","","","","","","",""
"","","C39","0,01uF","Device:C","Capacitor_SMD:C_0603_1608Metric","~","","","","","","","","","","",""
"","","C40","10uF","Device:C","Capacitor_SMD:C_0603_1608Metric","~","","","","","","","","","","",""
"","","C41","10uF","Device:C","Capacitor_SMD:C_0603_1608Metric","~","","","","","","","","","","",""
"","","C42","10uF","Device:C","Capacitor_SMD:C_0603_1608Metric","~","","","","","","","","","","",""
"","","C43","10uF","Device:C","Capacitor_SMD:C_0603_1608Metric","~","","","","","","","","","","",""
"","","C44","10uF","Device:C","Capacitor_SMD:C_0603_1608Metric","~","","","","","","","","","","",""
"","","C45","10uF","Device:C","Capacitor_SMD:C_0603_1608Metric","~","","","","","","","","","","",""
"","","C46","10uF","Device:C","Capacitor_SMD:C_0603_1608Metric","~","","","","","","","","","","",""
"","","C47","1nF","Device:C","Capacitor_SMD:C_0603_1608Metric","~","","","","","","","","","","",""
"","","C48","1nF","Device:C","Capacitor_SMD:C_0603_1608Metric","~","","","","","","","","","","",""
"","","C49","1nF","Device:C","Capacitor_SMD:C_0603_1608Metric","~","","","","","","","","","","",""
"","","C50","1nF","Device:C","Capacitor_SMD:C_0603_1608Metric","~","","","","","","","","","","",""
"","","C52","1nF","Device:C","Capacitor_SMD:C_0603_1608Metric","~","","","","","","","","","","",""
"","","C54","1nF","Device:C","Capacitor_SMD:C_0603_1608Metric","~","","","","","","","","","","",""
"","","C55","1nF","Device:C","Capacitor_SMD:C_0603_1608Metric","~","","","","","","","","","","",""
"","","C56","0,01uF","Device:C","Capacitor_SMD:C_0603_1608Metric","~","","","","","","","","","","",""
"","","C57","0,01uF","Device:C","Capacitor_SMD:C_0603_1608Metric","~","","","","","","","","","","",""
"","","C58","0,01uF","Device:C","Capacitor_SMD:C_0603_1608Metric","~","","","","","","","","","","",""
"","","C59","0,01uF","Device:C","Capacitor_SMD:C_0603_1608Metric","~","","","","","","","","","","",""
"","","C60","0,01uF","Device:C","Capacitor_SMD:C_0603_1608Metric","~","","","","","","","","","","",""
"","","C61","0,01uF","Device:C","Capacitor_SMD:C_0603_1608Metric","~","","","","","","","","","","",""
"","","C62","0,01uF","Device:C","Capacitor_SMD:C_0603_1608Metric","~","","","","","","","","","","",""
"","","C63","0,01uF","Device:C","Capacitor_SMD:C_0603_1608Metric","~","","","","","","","","","","",""
"","","C64","0,01uF","Device:C","Capacitor_SMD:C_0603_1608Metric","~","","","","","","","","","","",""
"","","C65","0,01uF","Device:C","Capacitor_SMD:C_0603_1608Metric","~","","","","","","","","","","",""
"","","C66","0,01uF","Device:C","Capacitor_SMD:C_0603_1608Metric","~","","","","","","","","","","",""
"","","C67","0,01uF","Device:C","Capacitor_SMD:C_0603_1608Metric","~","","","","","","","","","","",""
"","","C68","1nF","Device:C","Capacitor_SMD:C_0603_1608Metric","~","","","","","","","","","","",""
"","","C69","1nF","Device:C","Capacitor_SMD:C_0603_1608Metric","~","","","","","","","","","","",""
"","","C70","1nF","Device:C","Capacitor_SMD:C_0603_1608Metric","~","","","","","","","","","","",""
"","","C71","1nF","Device:C","Capacitor_SMD:C_0603_1608Metric","~","","","","","","","","","","",""
"","","C72","1nF","Device:C","Capacitor_SMD:C_0603_1608Metric","~","","","","","","","","","","",""
"","","C73","0,1uF","Device:C","Capacitor_SMD:C_0603_1608Metric","~","","","","","","","","","","",""
"","","C74","0,1uF","Device:C","Capacitor_SMD:C_0603_1608Metric","~","","","","","","","","","","",""
"","","C75","0,1uF","Device:C","Capacitor_SMD:C_0603_1608Metric","~","","","","","","","","","","",""
"","","C76","1uF","Device:C","Capacitor_SMD:C_0603_1608Metric","~","","","","","","","","","","",""
"","","C77","1uF","Device:C","Capacitor_SMD:C_0603_1608Metric","~","","","","","","","","","","",""
"","","C78","1uF","Device:C","Capacitor_SMD:C_0603_1608Metric","~","","","","","","","","","","",""
"","","C79","1nF","Device:C","Capacitor_SMD:C_0603_1608Metric","~","","","","","","","","","","",""
"","","C80","0,01uF","Device:C","Capacitor_SMD:C_0603_1608Metric","~","","","","","","","","","","",""
"","","C81","0,01uF","Device:C","Capacitor_SMD:C_0603_1608Metric","~","","","","","","","","","","",""
"","","C82","0,01uF","Device:C","Capacitor_SMD:C_0603_1608Metric","~","","","","","","","","","","",""
"","","C83","0,01uF","Device:C","Capacitor_SMD:C_0603_1608Metric","~","","","","","","","","","","",""
"","","C84","0,01uF","Device:C","Capacitor_SMD:C_0603_1608Metric","~","","","","","","","","","","",""
"","","C85","0,01uF","Device:C","Capacitor_SMD:C_0603_1608Metric","~","","","","","","","","","","",""
"","","C86","0,01uF","Device:C","Capacitor_SMD:C_0603_1608Metric","~","","","","","","","","","","",""
"","","C87","0,01uF","Device:C","Capacitor_SMD:C_0603_1608Metric","~","","","","","","","","","","",""
"","","C88","0,01uF","Device:C","Capacitor_SMD:C_0603_1608Metric","~","","","","","","","","","","",""
"","","C89","0,01uF","Device:C","Capacitor_SMD:C_0603_1608Metric","~","","","","","","","","","","",""
"","","C90","0,01uF","Device:C","Capacitor_SMD:C_0603_1608Metric","~","","","","","","","","","","",""
"","","C91","0,01uF","Device:C","Capacitor_SMD:C_0603_1608Metric","~","","","","","","","","","","",""
"","","C92","1nF","Device:C","Capacitor_SMD:C_0603_1608Metric","~","","","","","","","","","","",""
"","","C94","1nF","Device:C","Capacitor_SMD:C_0603_1608Metric","~","","","","","","","","","","",""
"","","C96","1nF","Device:C","Capacitor_SMD:C_0603_1608Metric","~","","","","","","","","","","",""
"","","C98","0,01uF","Device:C","Capacitor_SMD:C_0603_1608Metric","~","","","","","","","","","","",""
"","","C99","0,01uF","Device:C","Capacitor_SMD:C_0603_1608Metric","~","","","","","","","","","","",""
"","","C100","0,01uF","Device:C","Capacitor_SMD:C_0603_1608Metric","~","","","","","","","","","","",""
"","","C101","0,01uF","Device:C","Capacitor_SMD:C_0603_1608Metric","~","","","","","","","","","","",""
"","","C102","0,01uF","Device:C","Capacitor_SMD:C_0603_1608Metric","~","","","","","","","","","","",""
"","","C103","0,01uF","Device:C","Capacitor_SMD:C_0603_1608Metric","~","","","","","","","","","","",""
"","","C104","0,01uF","Device:C","Capacitor_SMD:C_0603_1608Metric","~","","","","","","","","","","",""
"","","C105","0,01uF","Device:C","Capacitor_SMD:C_0603_1608Metric","~","","","","","","","","","","",""
"","","C106","0,01uF","Device:C","Capacitor_SMD:C_0603_1608Metric","~","","","","","","","","","","",""
"","","C107","1nF","Device:C","Capacitor_SMD:C_0603_1608Metric","~","","","","","","","","","","",""
"","","C108","0,01uF","Device:C","Capacitor_SMD:C_0603_1608Metric","~","","","","","","","","","","",""
"","","C109","0,01uF","Device:C","Capacitor_SMD:C_0603_1608Metric","~","","","","","","","","","","",""
"","","C110","0,01uF","Device:C","Capacitor_SMD:C_0603_1608Metric","~","","","","","","","","","","",""
"","","C111","10uF","Device:C","Capacitor_SMD:C_0603_1608Metric","~","","","","","","","","","","",""
"","","C112","10uF","Device:C","Capacitor_SMD:C_0603_1608Metric","~","","","","","","","","","","",""
"","","C113","1nF","Device:C","Capacitor_SMD:C_0603_1608Metric","~","","","","","","","","","","",""
"","","C114","1nF","Device:C","Capacitor_SMD:C_0603_1608Metric","~","","","","","","","","","","",""
"","","C115","0,01uF","Device:C","Capacitor_SMD:C_0603_1608Metric","~","","","","","","","","","","",""
"","","C116","0,01uF","Device:C","Capacitor_SMD:C_0603_1608Metric","~","","","","","","","","","","",""
"","","C117","0,01uF","Device:C","Capacitor_SMD:C_0603_1608Metric","~","","","","","","","","","","",""
"","","C118","0,01uF","Device:C","Capacitor_SMD:C_0603_1608Metric","~","","","","","","","","","","",""
"","","C119","0,01uF","Device:C","Capacitor_SMD:C_0603_1608Metric","~","","","","","","","","","","",""
"","","C120","0,01uF","Device:C","Capacitor_SMD:C_0603_1608Metric","~","","","","","","","","","","",""
"","","C121","0,01uF","Device:C","Capacitor_SMD:C_0603_1608Metric","~","","","","","","","","","","",""
"","","C122","0,01uF","Device:C","Capacitor_SMD:C_0603_1608Metric","~","","","","","","","","","","",""
"","","C123","10uF","Device:C","Capacitor_SMD:C_0603_1608Metric","~","","","","","","","","","","",""
"","","C124","10uF","Device:C","Capacitor_SMD:C_0603_1608Metric","~","","","","","","","","","","",""
"","","C125","10uF","Device:C","Capacitor_SMD:C_0603_1608Metric","~","","","","","","","","","","",""
"","","C126","10uF","Device:C","Capacitor_SMD:C_0603_1608Metric","~","","","","","","","","","","",""
"","","C127","10uF","Device:C","Capacitor_SMD:C_0603_1608Metric","~","","","","","","","","","","",""
"","","C128","1nF","Device:C","Capacitor_SMD:C_0603_1608Metric","~","","","","","","","","","","",""
"","","C129","1nF","Device:C","Capacitor_SMD:C_0603_1608Metric","~","","","","","","","","","","",""
"","","C130","0,01uF","Device:C","Capacitor_SMD:C_0603_1608Metric","~","","","","","","","","","","",""
"","","C131","0,01uF","Device:C","Capacitor_SMD:C_0603_1608Metric","~","","","","","","","","","","",""
"","","C132","0,01uF","Device:C","Capacitor_SMD:C_0603_1608Metric","~","","","","","","","","","","",""
"","","C133","0,01uF","Device:C","Capacitor_SMD:C_0603_1608Metric","~","","","","","","","","","","",""
"","","C134","1nF","Device:C","Capacitor_SMD:C_0603_1608Metric","~","","","","","","","","","","",""
"","","C135","1nF","Device:C","Capacitor_SMD:C_0603_1608Metric","~","","","","","","","","","","",""
"","","C136","1nF","Device:C","Capacitor_SMD:C_0603_1608Metric","~","","","","","","","","","","",""
"","","C137","1nF","Device:C","Capacitor_SMD:C_0603_1608Metric","~","","","","","","","","","","",""
"","","C138","1nF","Device:C","Capacitor_SMD:C_0603_1608Metric","~","","","","","","","","","","",""
"","","D1","SS12P3L-M3_86A",":SS12P2L-M3_86A_2","FootPrint:DIO_SS12P2L-M3_86A","","","","VISHAY","","","","","","","","Manufacturer Recommendations"
"","","D2","SS12P3L-M3_86A",":SS12P2L-M3_86A_1","FootPrint:DIO_SS12P2L-M3_86A","","","","VISHAY","","","","","","","","Manufacturer Recommendations"
"","","D3","SS12P3L-M3_86A","SymLib:SS12P2L-M3_86A","FootPrint:DIO_SS12P2L-M3_86A","","","","VISHAY","","","","","","","","Manufacturer Recommendations"
"","","D4","TPD1E","Device:D_Zener","FootPrint:DPY2_TEX","~","","","","","","","","","","",""
"","","D5","TPD1E","Device:D_Zener","FootPrint:DPY2_TEX","~","","","","","","","","","","",""
"","","D6","TPD1E","Device:D_Zener","FootPrint:DPY2_TEX","~","","","","","","","","","","",""
"","","D7","TPD1E","Device:D_Zener","FootPrint:DPY2_TEX","~","","","","","","","","","","",""
"","","D8","TPD1E","Device:D_Zener","FootPrint:DPY2_TEX","~","","","","","","","","","","",""
"","","D9","TPD1E","Device:D_Zener","FootPrint:DPY2_TEX","~","","","","","","","","","","",""
"","","D10","TPD1E","Device:D_Zener","FootPrint:DPY2_TEX","~","","","","","","","","","","",""
"","","D11","TPD1E","Device:D_Zener","FootPrint:DPY2_TEX","~","","","","","","","","","","",""
"","","D12","TPD1E","Device:D_Zener","FootPrint:DPY2_TEX","~","","","","","","","","","","",""
"","","D13","TPD1E","Device:D_Zener","FootPrint:DPY2_TEX","~","","","","","","","","","","",""
"","","D14","TPD1E","Device:D_Zener","FootPrint:DPY2_TEX","~","","","","","","","","","","",""
"","","D15","TPD1E","Device:D_Zener","FootPrint:DPY2_TEX","~","","","","","","","","","","",""
"","","D16","TPD1E","Device:D_Zener","FootPrint:DPY2_TEX","~","","","","","","","","","","",""
"","","D17","TPD1E","Device:D_Zener","FootPrint:DPY2_TEX","~","","","","","","","","","","",""
"","","D18","TPD1E","Device:D_Zener","FootPrint:DPY2_TEX","~","","","","","","","","","","",""
"","","D19","TPD1E","Device:D_Zener","FootPrint:DPY2_TEX","~","","","","","","","","","","",""
"","","D20","TPD1E","Device:D_Zener","FootPrint:DPY2_TEX","~","","","","","","","","","","",""
"","","D21","TPD1E","Device:D_Zener","FootPrint:DPY2_TEX","~","","","","","","","","","","",""
"","","D22","TPD1E","Device:D_Zener","FootPrint:DPY2_TEX","~","","","","","","","","","","",""
"","","D23","TPD1E","Device:D_Zener","FootPrint:DPY2_TEX","~","","","","","","","","","","",""
"","","D24","TPD1E","Device:D_Zener","FootPrint:DPY2_TEX","~","","","","","","","","","","",""
"","","D25","TPD1E","Device:D_Zener","FootPrint:DPY2_TEX","~","","","","","","","","","","",""
"","","D26","TPD1E","Device:D_Zener","FootPrint:DPY2_TEX","~","","","","","","","","","","",""
"","","D27","TPD1E","Device:D_Zener","FootPrint:DPY2_TEX","~","","","","","","","","","","",""
"","","D28","TPD1E","Device:D_Zener","FootPrint:DPY2_TEX","~","","","","","","","","","","",""
"","","D29","TPD1E","Device:D_Zener","FootPrint:DPY2_TEX","~","","","","","","","","","","",""
"","","D30","TPD1E","Device:D_Zener","FootPrint:DPY2_TEX","~","","","","","","","","","","",""
"","","D31","TPD1E","Device:D_Zener","FootPrint:DPY2_TEX","~","","","","","","","","","","",""
"","","D32","TPD1E","Device:D_Zener","FootPrint:DPY2_TEX","~","","","","","","","","","","",""
"","","D33","TPD1E","Device:D_Zener","FootPrint:DPY2_TEX","~","","","","","","","","","","",""
"","","D34","TPD1E","Device:D_Zener","FootPrint:DPY2_TEX","~","","","","","","","","","","",""
"","","D35","TPD1E","Device:D_Zener","FootPrint:DPY2_TEX","~","","","","","","","","","","",""
"","","D36","TPD1E","Device:D_Zener","FootPrint:DPY2_TEX","~","","","","","","","","","","",""
"","","D37","TPD1E","Device:D_Zener","FootPrint:DPY2_TEX","~","","","","","","","","","","",""
"","","D38","TPD1E","Device:D_Zener","FootPrint:DPY2_TEX","~","","","","","","","","","","",""
"","","D39","TPD1E","Device:D_Zener","FootPrint:DPY2_TEX","~","","","","","","","","","","",""
"","","D40","TPD1E","Device:D_Zener","FootPrint:DPY2_TEX","~","","","","","","","","","","",""
"","","D41","TPD1E","Device:D_Zener","FootPrint:DPY2_TEX","~","","","","","","","","","","",""
"","","D42","TPD1E","Device:D_Zener","FootPrint:DPY2_TEX","~","","","","","","","","","","",""
"","","D43","TPD1E","Device:D_Zener","FootPrint:DPY2_TEX","~","","","","","","","","","","",""
"","","D44","TPD1E","Device:D_Zener","FootPrint:DPY2_TEX","~","","","","","","","","","","",""
"","","D45","TPD1E","Device:D_Zener","FootPrint:DPY2_TEX","~","","","","","","","","","","",""
"","","D46","TPD1E","Device:D_Zener","FootPrint:DPY2_TEX","~","","","","","","","","","","",""
"","","D47","TPD1E","Device:D_Zener","FootPrint:DPY2_TEX","~","","","","","","","","","","",""
"","","D48","TPD1E","Device:D_Zener","FootPrint:DPY2_TEX","~","","","","","","","","","","",""
"","","D49","TPD1E","Device:D_Zener","FootPrint:DPY2_TEX","~","","","","","","","","","","",""
"","","D50","TPD1E","Device:D_Zener","FootPrint:DPY2_TEX","~","","","","","","","","","","",""
"","","D51","TPD1E","Device:D_Zener","FootPrint:DPY2_TEX","~","","","","","","","","","","",""
"","","D52","TPD1E","Device:D_Zener","FootPrint:DPY2_TEX","~","","","","","","","","","","",""
"","","D53","TPD1E","Device:D_Zener","FootPrint:DPY2_TEX","~","","","","","","","","","","",""
"","","D54","TPD1E","Device:D_Zener","FootPrint:DPY2_TEX","~","","","","","","","","","","",""
"","","D55","TPD1E","Device:D_Zener","FootPrint:DPY2_TEX","~","","","","","","","","","","",""
"","","D56","TPD1E","Device:D_Zener","FootPrint:DPY2_TEX","~","","","","","","","","","","",""
"","","D57","TPD1E","Device:D_Zener","FootPrint:DPY2_TEX","~","","","","","","","","","","",""
"","","D58","TPD1E","Device:D_Zener","FootPrint:DPY2_TEX","~","","","","","","","","","","",""
"","","D59","TPD1E","Device:D_Zener","FootPrint:DPY2_TEX","~","","","","","","","","","","",""
"","","D60","TPD1E","Device:D_Zener","FootPrint:DPY2_TEX","~","","","","","","","","","","",""
"","","D61","TPD1E","Device:D_Zener","FootPrint:DPY2_TEX","~","","","","","","","","","","",""
"","","D62","TPD1E","Device:D_Zener","FootPrint:DPY2_TEX","~","","","","","","","","","","",""
"","","D63","TPD1E","Device:D_Zener","FootPrint:DPY2_TEX","~","","","","","","","","","","",""
"","","D64","TPD1E","Device:D_Zener","FootPrint:DPY2_TEX","~","","","","","","","","","","",""
"","","D65","TPD1E","Device:D_Zener","FootPrint:DPY2_TEX","~","","","","","","","","","","",""
"","","D66","TPD1E","Device:D_Zener","FootPrint:DPY2_TEX","~","","","","","","","","","","",""
"","","D67","TPD1E","Device:D_Zener","FootPrint:DPY2_TEX","~","","","","","","","","","","",""
"","","D68","TPD1E","Device:D_Zener","FootPrint:DPY2_TEX","~","","","","","","","","","","",""
"","","D69","TPD1E","Device:D_Zener","FootPrint:DPY2_TEX","~","","","","","","","","","","",""
"","","D70","TPD1E","Device:D_Zener","FootPrint:DPY2_TEX","~","","","","","","","","","","",""
"","","D71","TPD1E","Device:D_Zener","FootPrint:DPY2_TEX","~","","","","","","","","","","",""
"","","D72","TPD1E","Device:D_Zener","FootPrint:DPY2_TEX","~","","","","","","","","","","",""
"","","D73","TPD1E","Device:D_Zener","FootPrint:DPY2_TEX","~","","","","","","","","","","",""
"","","D74","TPD1E","Device:D_Zener","FootPrint:DPY2_TEX","~","","","","","","","","","","",""
"","","D75","TPD1E","Device:D_Zener","FootPrint:DPY2_TEX","~","","","","","","","","","","",""
"","","D76","TPD1E","Device:D_Zener","FootPrint:DPY2_TEX","~","","","","","","","","","","",""
"","","D77","TPD1E","Device:D_Zener","FootPrint:DPY2_TEX","~","","","","","","","","","","",""
"","","D78","TPD1E","Device:D_Zener","FootPrint:DPY2_TEX","~","","","","","","","","","","",""
"","","D79","TPD1E","Device:D_Zener","FootPrint:DPY2_TEX","~","","","","","","","","","","",""
"","","D80","TPD1E","Device:D_Zener","FootPrint:DPY2_TEX","~","","","","","","","","","","",""
"","","D81","TPD1E","Device:D_Zener","FootPrint:DPY2_TEX","~","","","","","","","","","","",""
"","","D82","TPD1E","Device:D_Zener","FootPrint:DPY2_TEX","~","","","","","","","","","","",""
"","","D83","TPD1E","Device:D_Zener","FootPrint:DPY2_TEX","~","","","","","","","","","","",""
"","","D84","TPD1E","Device:D_Zener","FootPrint:DPY2_TEX","~","","","","","","","","","","",""
"","","D85","TPD1E","Device:D_Zener","FootPrint:DPY2_TEX","~","","","","","","","","","","",""
"","","D86","TPD1E","Device:D_Zener","FootPrint:DPY2_TEX","~","","","","","","","","","","",""
"","","D87","TPD1E","Device:D_Zener","FootPrint:DPY2_TEX","~","","","","","","","","","","",""
"","","D88","TPD1E","Device:D_Zener","FootPrint:DPY2_TEX","~","","","","","","","","","","",""
"","","D89","TPD1E","Device:D_Zener","FootPrint:DPY2_TEX","~","","","","","","","","","","",""
"","","D90","TPD1E","Device:D_Zener","FootPrint:DPY2_TEX","~","","","","","","","","","","",""
"","","F1","FSF 0034.1508 160mA","Device:Fuse","FootPrint:696108003002","~","","","","","","","","","","",""
"","","F2","FSF 0034.1520 2,5A","Device:Fuse","FootPrint:696108003002","~","","","","","","","","","","",""
"","","J1","24V",":1729128_1","FootPrint:TerminalBlock14AWG","1729128","","","","","","","","","","",""
"","","J2","5V","SymLib:1729128","FootPrint:TerminalBlock14AWG","1729128","","","","","","","","","","",""
"","","J3","24V","SymLib:1729128","FootPrint:TerminalBlock14AWG","1729128","","","","","","","","","","",""
"","","J4","CN8","Connector_Generic:Conn_02x08_Odd_Even","Connector_PinSocket_2.54mm:PinSocket_2x08_P2.54mm_Vertical","~","","","","","","","","","","",""
"","","J5","CN9","Connector_Generic:Conn_02x15_Odd_Even","Connector_PinSocket_2.54mm:PinSocket_2x15_P2.54mm_Vertical","~","","","","","","","","","","",""
"","","J6","CN7","Connector_Generic:Conn_02x10_Odd_Even","Connector_PinSocket_2.54mm:PinSocket_2x10_P2.54mm_Vertical","~","","","","","","","","","","",""
"","","J7","CN10","Connector_Generic:Conn_02x17_Odd_Even","Connector_PinSocket_2.54mm:PinSocket_2x17_P2.54mm_Vertical","~","","","","","","","","","","",""
"","","J8","1751109","SymLib:1751109","FootPrint:PHOENIX_1751109","","","","Phoenix Contact","","","","","03.03.2021","","","Manufacturer Recommendations"
"","","J9","1751109","SymLib:1751109","FootPrint:PHOENIX_1751109","","","","Phoenix Contact","","","","","03.03.2021","","","Manufacturer Recommendations"
"","","J10","1751109","SymLib:1751109","FootPrint:PHOENIX_1751109","","","","Phoenix Contact","","","","","03.03.2021","","","Manufacturer Recommendations"
"","","J11","1751109","SymLib:1751109","FootPrint:PHOENIX_1751109","","","","Phoenix Contact","","","","","03.03.2021","","","Manufacturer Recommendations"
"","","J12","1751125","SymLib:1751125","FootPrint:PHOENIX_1751125","","","","Phoenix Contact","","","","","03.03.2021","","","Manufacturer Recommendations"
"","","J13","1751125","SymLib:1751125","FootPrint:PHOENIX_1751125","","","","Phoenix Contact","","","","","03.03.2021","","","Manufacturer Recommendations"
"","","J14","1751125","SymLib:1751125","FootPrint:PHOENIX_1751125","","","","Phoenix Contact","","","","","03.03.2021","","","Manufacturer Recommendations"
"","","J15","1751109","SymLib:1751109","FootPrint:PHOENIX_1751109","","","","Phoenix Contact","","","","","03.03.2021","","","Manufacturer Recommendations"
"","","J16","1751109","SymLib:1751109","FootPrint:PHOENIX_1751109","","","","Phoenix Contact","","","","","03.03.2021","","","Manufacturer Recommendations"
"","","J17","1751109","SymLib:1751109","FootPrint:PHOENIX_1751109","","","","Phoenix Contact","","","","","03.03.2021","","","Manufacturer Recommendations"
"","","J18","1751109","SymLib:1751109","FootPrint:PHOENIX_1751109","","","","Phoenix Contact","","","","","03.03.2021","","","Manufacturer Recommendations"
"","","J19","1751109","SymLib:1751109","FootPrint:PHOENIX_1751109","","","","Phoenix Contact","","","","","03.03.2021","","","Manufacturer Recommendations"
"","","J20","1751109","SymLib:1751109","FootPrint:PHOENIX_1751109","","","","Phoenix Contact","","","","","03.03.2021","","","Manufacturer Recommendations"
"","","J21","1751109","SymLib:1751109","FootPrint:PHOENIX_1751109","","","","Phoenix Contact","","","","","03.03.2021","","","Manufacturer Recommendations"
"","","J22","1751109","SymLib:1751109","FootPrint:PHOENIX_1751109","","","","Phoenix Contact","","","","","03.03.2021","","","Manufacturer Recommendations"
"","","J23","1751099","SymLib:1751099","FootPrint:PHOENIX_1751099","","","","Phoenix Contact","","","","","03.03.2021","","","Manufacturer Recommendations"
"","","J24","1751099","SymLib:1751099","FootPrint:PHOENIX_1751099","","","","Phoenix Contact","","","","","03.03.2021","","","Manufacturer Recommendations"
"","","J25","1751099","SymLib:1751099","FootPrint:PHOENIX_1751099","","","","Phoenix Contact","","","","","03.03.2021","","","Manufacturer Recommendations"
"","","J26","1751099","SymLib:1751099","FootPrint:PHOENIX_1751099","","","","Phoenix Contact","","","","","03.03.2021","","","Manufacturer Recommendations"
"","","J27","1751099","SymLib:1751099","FootPrint:PHOENIX_1751099","","","","Phoenix Contact","","","","","03.03.2021","","","Manufacturer Recommendations"
"","","J28","1751099","SymLib:1751099","FootPrint:PHOENIX_1751099","","","","Phoenix Contact","","","","","03.03.2021","","","Manufacturer Recommendations"
"","","J29","1751099","SymLib:1751099","FootPrint:PHOENIX_1751099","","","","Phoenix Contact","","","","","03.03.2021","","","Manufacturer Recommendations"
"","","J30","1751099","SymLib:1751099","FootPrint:PHOENIX_1751099","","","","Phoenix Contact","","","","","03.03.2021","","","Manufacturer Recommendations"
"","","J31","1751099","SymLib:1751099","FootPrint:PHOENIX_1751099","","","","Phoenix Contact","","","","","03.03.2021","","","Manufacturer Recommendations"
"","","J32","1751099","SymLib:1751099","FootPrint:PHOENIX_1751099","","","","Phoenix Contact","","","","","03.03.2021","","","Manufacturer Recommendations"
"","","J33","1751099","SymLib:1751099","FootPrint:PHOENIX_1751099","","","","Phoenix Contact","","","","","03.03.2021","","","Manufacturer Recommendations"
"","","J34","1751099","SymLib:1751099","FootPrint:PHOENIX_1751099","","","","Phoenix Contact","","","","","03.03.2021","","","Manufacturer Recommendations"
"","","J35","1751099","SymLib:1751099","FootPrint:PHOENIX_1751099","","","","Phoenix Contact","","","","","03.03.2021","","","Manufacturer Recommendations"
"","","J36","1751099","SymLib:1751099","FootPrint:PHOENIX_1751099","","","","Phoenix Contact","","","","","03.03.2021","","","Manufacturer Recommendations"
"","","J37","1751099","SymLib:1751099","FootPrint:PHOENIX_1751099","","","","Phoenix Contact","","","","","03.03.2021","","","Manufacturer Recommendations"
"","","J38","1751099","SymLib:1751099","FootPrint:PHOENIX_1751099","","","","Phoenix Contact","","","","","03.03.2021","","","Manufacturer Recommendations"
"","","J39","1751112","SymLib:1751112","FootPrint:PHOENIX_1751112","","","","Phoenix Contact","","","","","03.03.2021","","","Manufacturer Recommendations"
"","","K1","UD2-5NU","SymLib:UD2-5NU","FootPrint:UD2_NU_KEM-L","UD2-5NU","","","","","","","","","","",""
"","","R1","10k","Device:R_Small_US","Resistor_SMD:R_0603_1608Metric","~","","","","","","","","","","",""
"","","R2","5k","Device:R_Small_US","Resistor_SMD:R_0603_1608Metric","~","","","","","","","","","","",""
"","","R3","1,5k","Device:R_Small_US","Resistor_SMD:R_0603_1608Metric","~","","","","","","","","","","",""
"","","R4","1,1k","Device:R_Small_US","Resistor_SMD:R_0603_1608Metric","~","","","","","","","","","","",""
"","","R5","6,8k","Device:R_Small_US","Resistor_SMD:R_0603_1608Metric","~","","","","","","","","","","",""
"","","R6","RE1C002UNTCL","SymLib:RE1C002UNTCL","FootPrint:DIO_RB558WMF_ROM","RE1C002UNTCL","","","","","","","","","","",""
"","","R7","10k","Device:R_Small_US","Resistor_SMD:R_0603_1608Metric","~","","","","","","","","","","",""
"","","R8","23,7","Device:R_Small_US","Resistor_SMD:R_0603_1608Metric","~","","","","","","","","","","",""
"","","R9","25,5k 1%","Device:R_Small_US","Resistor_SMD:R_0603_1608Metric","~","","","","","","","","","","",""
"","","R10","10k","Device:R_Small_US","Resistor_SMD:R_0603_1608Metric","~","","","","","","","","","","",""
"","","R11","2,5k","Device:R_Small_US","Resistor_SMD:R_0603_1608Metric","~","","","","","","","","","","",""
"","","R12","5k","Device:R_Small_US","Resistor_SMD:R_0603_1608Metric","~","","","","","","","","","","",""
"","","R13","5k","Device:R_Small_US","Resistor_SMD:R_0603_1608Metric","~","","","","","","","","","","",""
"","","R14","5k","Device:R_Small_US","Resistor_SMD:R_0603_1608Metric","~","","","","","","","","","","",""
"","","R15","150","Device:R_Small_US","Resistor_SMD:R_0603_1608Metric","~","","","","","","","","","","",""
"","","R16","3,6k","Device:R_Small_US","Resistor_SMD:R_0603_1608Metric","~","","","","","","","","","","",""
"","","R17","2,5k","Device:R_Small_US","Resistor_SMD:R_0603_1608Metric","~","","","","","","","","","","",""
"","","R18","7,5k","Device:R_Small_US","Resistor_SMD:R_0603_1608Metric","~","","","","","","","","","","",""
"","","R19","7,5k","Device:R_Small_US","Resistor_SMD:R_0603_1608Metric","~","","","","","","","","","","",""
"","","R20","7,5k","Device:R_Small_US","Resistor_SMD:R_0603_1608Metric","~","","","","","","","","","","",""
"","","R21","7,5k","Device:R_Small_US","Resistor_SMD:R_0603_1608Metric","~","","","","","","","","","","",""
"","","R22","7,5k","Device:R_Small_US","Resistor_SMD:R_0603_1608Metric","~","","","","","","","","","","",""
"","","R23","7,5k","Device:R_Small_US","Resistor_SMD:R_0603_1608Metric","~","","","","","","","","","","",""
"","","R24","10k","Device:R_Small_US","Resistor_SMD:R_0603_1608Metric","~","","","","","","","","","","",""
"","","R25","10k","Device:R_Small_US","Resistor_SMD:R_0603_1608Metric","~","","","","","","","","","","",""
"","","R26","10k","Device:R_Small_US","Resistor_SMD:R_0603_1608Metric","~","","","","","","","","","","",""
"","","R27","10k","Device:R_Small_US","Resistor_SMD:R_0603_1608Metric","~","","","","","","","","","","",""
"","","R28","10k","Device:R_Small_US","Resistor_SMD:R_0603_1608Metric","~","","","","","","","","","","",""
"","","R29","10k","Device:R_Small_US","Resistor_SMD:R_0603_1608Metric","~","","","","","","","","","","",""
"","","R30","10k","Device:R_Small_US","Resistor_SMD:R_0603_1608Metric","~","","","","","","","","","","",""
"","","R31","5k","Device:R_Small_US","Resistor_SMD:R_0603_1608Metric","~","","","","","","","","","","",""
"","","R32","5k","Device:R_Small_US","Resistor_SMD:R_0603_1608Metric","~","","","","","","","","","","",""
"","","R33","5k","Device:R_Small_US","Resistor_SMD:R_0603_1608Metric","~","","","","","","","","","","",""
"","","R34","5k","Device:R_Small_US","Resistor_SMD:R_0603_1608Metric","~","","","","","","","","","","",""
"","","R35","5k","Device:R_Small_US","Resistor_SMD:R_0603_1608Metric","~","","","","","","","","","","",""
"","","R36","5k","Device:R_Small_US","Resistor_SMD:R_0603_1608Metric","~","","","","","","","","","","",""
"","","R37","5k","Device:R_Small_US","Resistor_SMD:R_0603_1608Metric","~","","","","","","","","","","",""
"","","R38","7,5k","Device:R_Small_US","Resistor_SMD:R_0603_1608Metric","~","","","","","","","","","","",""
"","","R39","7,5k","Device:R_Small_US","Resistor_SMD:R_0603_1608Metric","~","","","","","","","","","","",""
"","","R40","7,5k","Device:R_Small_US","Resistor_SMD:R_0603_1608Metric","~","","","","","","","","","","",""
"","","R41","0Ω","Device:R_Small_US","Resistor_SMD:R_0603_1608Metric","~","","","","","","","","","","",""
"","","R42","0Ω","Device:R_Small_US","Resistor_SMD:R_0603_1608Metric","~","","","","","","","","","","",""
"","","R43","0Ω","Device:R_Small_US","Resistor_SMD:R_0603_1608Metric","~","","","","","","","","","","",""
"","","R44","7,5k","Device:R_Small_US","Resistor_SMD:R_0603_1608Metric","~","","","","","","","","","","",""
"","","R45","7,5k","Device:R_Small_US","Resistor_SMD:R_0603_1608Metric","~","","","","","","","","","","",""
"","","R46","7,5k","Device:R_Small_US","Resistor_SMD:R_0603_1608Metric","~","","","","","","","","","","",""
"","","R48","7,5k","Device:R_Small_US","Resistor_SMD:R_0603_1608Metric","~","","","","","","","","","","",""
"","","R50","0Ω","Device:R_Small_US","Resistor_SMD:R_0603_1608Metric","~","","","","","","","","","","",""
"","","R51","0Ω","Device:R_Small_US","Resistor_SMD:R_0603_1608Metric","~","","","","","","","","","","",""
"","","R52","0Ω","Device:R_Small_US","Resistor_SMD:R_0603_1608Metric","~","","","","","","","","","","",""
"","","R53","0Ω","Device:R_Small_US","Resistor_SMD:R_0603_1608Metric","~","","","","","","","","","","",""
"","","R54","7,5k","Device:R_Small_US","Resistor_SMD:R_0603_1608Metric","~","","","","","","","","","","",""
"","","R55","0Ω","Device:R_Small_US","Resistor_SMD:R_0603_1608Metric","~","","","","","","","","","","",""
"","","R56","0Ω","Device:R_Small_US","Resistor_SMD:R_0603_1608Metric","~","","","","","","","","","","",""
"","","R57","7,5k","Device:R_Small_US","Resistor_SMD:R_0603_1608Metric","~","","","","","","","","","","",""
"","","R58","7,5k","Device:R_Small_US","Resistor_SMD:R_0603_1608Metric","~","","","","","","","","","","",""
"","","R59","7,5k","Device:R_Small_US","Resistor_SMD:R_0603_1608Metric","~","","","","","","","","","","",""
"","","R60","7,5k","Device:R_Small_US","Resistor_SMD:R_0603_1608Metric","~","","","","","","","","","","",""
"","","R61","1k","Device:R_Small_US","Resistor_SMD:R_0603_1608Metric","~","","","","","","","","","","",""
"","","R62","10k","Device:R_Small_US","Resistor_SMD:R_0603_1608Metric","~","","","","","","","","","","",""
"","","R63","10k","Device:R_Small_US","Resistor_SMD:R_0603_1608Metric","~","","","","","","","","","","",""
"","","R64","3,9k","Device:R_Small_US","Resistor_SMD:R_0603_1608Metric","~","","","","","","","","","","",""
"","","R65","3,9k","Device:R_Small_US","Resistor_SMD:R_0603_1608Metric","~","","","","","","","","","","",""
"","","R66","3,9k","Device:R_Small_US","Resistor_SMD:R_0603_1608Metric","~","","","","","","","","","","",""
"","","R67","5,1k","Device:R_Small_US","Resistor_SMD:R_0603_1608Metric","~","","","","","","","","","","",""
"","","R68","5,1k","Device:R_Small_US","Resistor_SMD:R_0603_1608Metric","~","","","","","","","","","","",""
"","","R69","5,1k","Device:R_Small_US","Resistor_SMD:R_0603_1608Metric","~","","","","","","","","","","",""
"","","R70","7,5k","Device:R_Small_US","Resistor_SMD:R_0603_1608Metric","~","","","","","","","","","","",""
"","","R71","220k","Device:R_Small_US","Resistor_SMD:R_0603_1608Metric","~","","","","","","","","","","",""
"","","R72","270k","Device:R_Small_US","Resistor_SMD:R_0603_1608Metric","~","","","","","","","","","","",""
"","","R73","220k","Device:R_Small_US","Resistor_SMD:R_0603_1608Metric","~","","","","","","","","","","",""
"","","R74","270k","Device:R_Small_US","Resistor_SMD:R_0603_1608Metric","~","","","","","","","","","","",""
"","","R75","220k","Device:R_Small_US","Resistor_SMD:R_0603_1608Metric","~","","","","","","","","","","",""
"","","R76","270k","Device:R_Small_US","Resistor_SMD:R_0603_1608Metric","~","","","","","","","","","","",""
"","","R77","7,5k","Device:R_Small_US","Resistor_SMD:R_0603_1608Metric","~","","","","","","","","","","",""
"","","R78","7,5k","Device:R_Small_US","Resistor_SMD:R_0603_1608Metric","~","","","","","","","","","","",""
"","","R79","7,5k","Device:R_Small_US","Resistor_SMD:R_0603_1608Metric","~","","","","","","","","","","",""
"","","R80","0Ω","Device:R_Small_US","Resistor_SMD:R_0603_1608Metric","~","","","","","","","","","","",""
"","","R81","0Ω","Device:R_Small_US","Resistor_SMD:R_0603_1608Metric","~","","","","","","","","","","",""
"","","R82","0Ω","Device:R_Small_US","Resistor_SMD:R_0603_1608Metric","~","","","","","","","","","","",""
"","","R83","7,5k","Device:R_Small_US","Resistor_SMD:R_0603_1608Metric","~","","","","","","","","","","",""
"","","R85","7,5k","Device:R_Small_US","Resistor_SMD:R_0603_1608Metric","~","","","","","","","","","","",""
"","","R87","7,5k","Device:R_Small_US","Resistor_SMD:R_0603_1608Metric","~","","","","","","","","","","",""
"","","R89","10k","Device:R_Small_US","Resistor_SMD:R_0603_1608Metric","~","","","","","","","","","","",""
"","","R90","10k","Device:R_Small_US","Resistor_SMD:R_0603_1608Metric","~","","","","","","","","","","",""
"","","R91","5k","Device:R_Small_US","Resistor_SMD:R_0603_1608Metric","~","","","","","","","","","","",""
"","","R92","5k","Device:R_Small_US","Resistor_SMD:R_0603_1608Metric","~","","","","","","","","","","",""
"","","R93","7,5k","Device:R_Small_US","Resistor_SMD:R_0603_1608Metric","~","","","","","","","","","","",""
"","","R94","0Ω","Device:R_Small_US","Resistor_SMD:R_0603_1608Metric","~","","","","","","","","","","",""
"","","R95","0Ω","Device:R_Small_US","Resistor_SMD:R_0603_1608Metric","~","","","","","","","","","","",""
"","","R96","0Ω","Device:R_Small_US","Resistor_SMD:R_0603_1608Metric","~","","","","","","","","","","",""
"","","R97","0Ω","Device:R_Small_US","Resistor_SMD:R_0603_1608Metric","~","","","","","","","","","","",""
"","","R98","7,5k","Device:R_Small_US","Resistor_SMD:R_0603_1608Metric","~","","","","","","","","","","",""
"","","R99","0Ω","Device:R_Small_US","Resistor_SMD:R_0603_1608Metric","~","","","","","","","","","","",""
"","","R100","0Ω","Device:R_Small_US","Resistor_SMD:R_0603_1608Metric","~","","","","","","","","","","",""
"","","R101","0Ω","Device:R_Small_US","Resistor_SMD:R_0603_1608Metric","~","","","","","","","","","","",""
"","","R102","10k","Device:R_Small_US","Resistor_SMD:R_0603_1608Metric","~","","","","","","","","","","",""
"","","R103","10k","Device:R_Small_US","Resistor_SMD:R_0603_1608Metric","~","","","","","","","","","","",""
"","","R104","10k","Device:R_Small_US","Resistor_SMD:R_0603_1608Metric","~","","","","","","","","","","",""
"","","R105","10k","Device:R_Small_US","Resistor_SMD:R_0603_1608Metric","~","","","","","","","","","","",""
"","","R106","7,5k","Device:R_Small_US","Resistor_SMD:R_0603_1608Metric","~","","","","","","","","","","",""
"","","R107","10k","Device:R_Small_US","Resistor_SMD:R_0603_1608Metric","~","","","","","","","","","","",""
"","","R108","5k","Device:R_Small_US","Resistor_SMD:R_0603_1608Metric","~","","","","","","","","","","",""
"","","R109","5k","Device:R_Small_US","Resistor_SMD:R_0603_1608Metric","~","","","","","","","","","","",""
"","","R110","5k","Device:R_Small_US","Resistor_SMD:R_0603_1608Metric","~","","","","","","","","","","",""
"","","R111","5k","Device:R_Small_US","Resistor_SMD:R_0603_1608Metric","~","","","","","","","","","","",""
"","","R112","5k","Device:R_Small_US","Resistor_SMD:R_0603_1608Metric","~","","","","","","","","","","",""
"","","R113","7,5k","Device:R_Small_US","Resistor_SMD:R_0603_1608Metric","~","","","","","","","","","","",""
"","","R114","7,5k","Device:R_Small_US","Resistor_SMD:R_0603_1608Metric","~","","","","","","","","","","",""
"","","R115","0Ω","Device:R_Small_US","Resistor_SMD:R_0603_1608Metric","~","","","","","","","","","","",""
"","","R116","0Ω","Device:R_Small_US","Resistor_SMD:R_0603_1608Metric","~","","","","","","","","","","",""
"","","R117","7,5k","Device:R_Small_US","Resistor_SMD:R_0603_1608Metric","~","","","","","","","","","","",""
"","","R118","1k","Device:R_Small_US","Resistor_SMD:R_0603_1608Metric","~","","","","","","","","","","",""
"","","R119","1k","Device:R_Small_US","Resistor_SMD:R_0603_1608Metric","~","","","","","","","","","","",""
"","","R120","1k","Device:R_Small_US","Resistor_SMD:R_0603_1608Metric","~","","","","","","","","","","",""
"","","R121","1k","Device:R_Small_US","Resistor_SMD:R_0603_1608Metric","~","","","","","","","","","","",""
"","","R122","1k","Device:R_Small_US","Resistor_SMD:R_0603_1608Metric","~","","","","","","","","","","",""
"","","R123","1k","Device:R_Small_US","Resistor_SMD:R_0603_1608Metric","~","","","","","","","","","","",""
"","","R124","1k","Device:R_Small_US","Resistor_SMD:R_0603_1608Metric","~","","","","","","","","","","",""
"","","R125","1k","Device:R_Small_US","Resistor_SMD:R_0603_1608Metric","~","","","","","","","","","","",""
"","","R126","1k","Device:R_Small_US","Resistor_SMD:R_0603_1608Metric","~","","","","","","","","","","",""
"","","R127","1k","Device:R_Small_US","Resistor_SMD:R_0603_1608Metric","~","","","","","","","","","","",""
"","","R128","1k","Device:R_Small_US","Resistor_SMD:R_0603_1608Metric","~","","","","","","","","","","",""
"","","R129","1k","Device:R_Small_US","Resistor_SMD:R_0603_1608Metric","~","","","","","","","","","","",""
"","","R130","1k","Device:R_Small_US","Resistor_SMD:R_0603_1608Metric","~","","","","","","","","","","",""
"","","R131","1k","Device:R_Small_US","Resistor_SMD:R_0603_1608Metric","~","","","","","","","","","","",""
"","","R132","1k","Device:R_Small_US","Resistor_SMD:R_0603_1608Metric","~","","","","","","","","","","",""
"","","R133","1k","Device:R_Small_US","Resistor_SMD:R_0603_1608Metric","~","","","","","","","","","","",""
"","","R134","7,5k","Device:R_Small_US","Resistor_SMD:R_0603_1608Metric","~","","","","","","","","","","",""
"","","R135","7,5k","Device:R_Small_US","Resistor_SMD:R_0603_1608Metric","~","","","","","","","","","","",""
"","","R136","7,5k","Device:R_Small_US","Resistor_SMD:R_0603_1608Metric","~","","","","","","","","","","",""
"","","R137","7,5k","Device:R_Small_US","Resistor_SMD:R_0603_1608Metric","~","","","","","","","","","","",""
"","","R138","7,5k","Device:R_Small_US","Resistor_SMD:R_0603_1608Metric","~","","","","","","","","","","",""
"","","R139","0Ω","Device:R_Small_US","Resistor_SMD:R_0603_1608Metric","~","","","","","","","","","","",""
"","","TP1","5005","SymLib:5005","FootPrint:KEYSTONE_5005","","In Stock","Compact THM Test Point -Red","","","Keystone Electronics","5005","NON STANDARD-1 Keystone","","None","https://pricing.snapeda.com/search/part/5005/?ref=eda",""
"","","TP2","5005","SymLib:5005","FootPrint:KEYSTONE_5005","","In Stock","Compact THM Test Point -Red","","","Keystone Electronics","5005","NON STANDARD-1 Keystone","","None","https://pricing.snapeda.com/search/part/5005/?ref=eda",""
"","","TP4","5005","SymLib:5005","FootPrint:KEYSTONE_5005","","In Stock","Compact THM Test Point -Red","","","Keystone Electronics","5005","NON STANDARD-1 Keystone","","None","https://pricing.snapeda.com/search/part/5005/?ref=eda",""
"","","TP5","5005","SymLib:5005","FootPrint:KEYSTONE_5005","","In Stock","Compact THM Test Point -Red","","","Keystone Electronics","5005","NON STANDARD-1 Keystone","","None","https://pricing.snapeda.com/search/part/5005/?ref=eda",""
"","","TP6","5005","SymLib:5005","FootPrint:KEYSTONE_5005","","In Stock","Compact THM Test Point -Red","","","Keystone Electronics","5005","NON STANDARD-1 Keystone","","None","https://pricing.snapeda.com/search/part/5005/?ref=eda",""
"","","TP7","5005","SymLib:5005","FootPrint:KEYSTONE_5005","","In Stock","Compact THM Test Point -Red","","","Keystone Electronics","5005","NON STANDARD-1 Keystone","","None","https://pricing.snapeda.com/search/part/5005/?ref=eda",""
"","","TP8","5005","SymLib:5005","FootPrint:KEYSTONE_5005","","In Stock","Compact THM Test Point -Red","","","Keystone Electronics","5005","NON STANDARD-1 Keystone","","None","https://pricing.snapeda.com/search/part/5005/?ref=eda",""
"","","TP9","5005","SymLib:5005","FootPrint:KEYSTONE_5005","","In Stock","Compact THM Test Point -Red","","","Keystone Electronics","5005","NON STANDARD-1 Keystone","","None","https://pricing.snapeda.com/search/part/5005/?ref=eda",""
"","","TP10","5005","SymLib:5005","FootPrint:KEYSTONE_5005","","In Stock","Compact THM Test Point -Red","","","Keystone Electronics","5005","NON STANDARD-1 Keystone","","None","https://pricing.snapeda.com/search/part/5005/?ref=eda",""
"","","TP11","5005","SymLib:5005","FootPrint:KEYSTONE_5005","","In Stock","Compact THM Test Point -Red","","","Keystone Electronics","5005","NON STANDARD-1 Keystone","","None","https://pricing.snapeda.com/search/part/5005/?ref=eda",""
"","","TP12","5005","SymLib:5005","FootPrint:KEYSTONE_5005","","In Stock","Compact THM Test Point -Red","","","Keystone Electronics","5005","NON STANDARD-1 Keystone","","None","https://pricing.snapeda.com/search/part/5005/?ref=eda",""
"","","TP13","5005","SymLib:5005","FootPrint:KEYSTONE_5005","","In Stock","Compact THM Test Point -Red","","","Keystone Electronics","5005","NON STANDARD-1 Keystone","","None","https://pricing.snapeda.com/search/part/5005/?ref=eda",""
"","","TP14","5005","SymLib:5005","FootPrint:KEYSTONE_5005","","In Stock","Compact THM Test Point -Red","","","Keystone Electronics","5005","NON STANDARD-1 Keystone","","None","https://pricing.snapeda.com/search/part/5005/?ref=eda",""
"","","TP15","5005","SymLib:5005","FootPrint:KEYSTONE_5005","","In Stock","Compact THM Test Point -Red","","","Keystone Electronics","5005","NON STANDARD-1 Keystone","","None","https://pricing.snapeda.com/search/part/5005/?ref=eda",""
"","","TP16","5005","SymLib:5005","FootPrint:KEYSTONE_5005","","In Stock","Compact THM Test Point -Red","","","Keystone Electronics","5005","NON STANDARD-1 Keystone","","None","https://pricing.snapeda.com/search/part/5005/?ref=eda",""
"","","TP17","5005","SymLib:5005","FootPrint:KEYSTONE_5005","","In Stock","Compact THM Test Point -Red","","","Keystone Electronics","5005","NON STANDARD-1 Keystone","","None","https://pricing.snapeda.com/search/part/5005/?ref=eda",""
"","","TP18","5005","SymLib:5005","FootPrint:KEYSTONE_5005","","In Stock","Compact THM Test Point -Red","","","Keystone Electronics","5005","NON STANDARD-1 Keystone","","None","https://pricing.snapeda.com/search/part/5005/?ref=eda",""
"","","TP19","5005","SymLib:5005","FootPrint:KEYSTONE_5005","","In Stock","Compact THM Test Point -Red","","","Keystone Electronics","5005","NON STANDARD-1 Keystone","","None","https://pricing.snapeda.com/search/part/5005/?ref=eda",""
"","","TP20","5005","SymLib:5005","FootPrint:KEYSTONE_5005","","In Stock","Compact THM Test Point -Red","","","Keystone Electronics","5005","NON STANDARD-1 Keystone","","None","https://pricing.snapeda.com/search/part/5005/?ref=eda",""
"","","TP21","5005","SymLib:5005","FootPrint:KEYSTONE_5005","","In Stock","Compact THM Test Point -Red","","","Keystone Electronics","5005","NON STANDARD-1 Keystone","","None","https://pricing.snapeda.com/search/part/5005/?ref=eda",""
"","","TP22","5005","SymLib:5005","FootPrint:KEYSTONE_5005","","In Stock","Compact THM Test Point -Red","","","Keystone Electronics","5005","NON STANDARD-1 Keystone","","None","https://pricing.snapeda.com/search/part/5005/?ref=eda",""
"","","TP23","5005","SymLib:5005","FootPrint:KEYSTONE_5005","","In Stock","Compact THM Test Point -Red","","","Keystone Electronics","5005","NON STANDARD-1 Keystone","","None","https://pricing.snapeda.com/search/part/5005/?ref=eda",""
"","","TP24","5005","SymLib:5005","FootPrint:KEYSTONE_5005","","In Stock","Compact THM Test Point -Red","","","Keystone Electronics","5005","NON STANDARD-1 Keystone","","None","https://pricing.snapeda.com/search/part/5005/?ref=eda",""
"","","TP25","5005","SymLib:5005","FootPrint:KEYSTONE_5005","","In Stock","Compact THM Test Point -Red","","","Keystone Electronics","5005","NON STANDARD-1 Keystone","","None","https://pricing.snapeda.com/search/part/5005/?ref=eda",""
"","","TP26","5005","SymLib:5005","FootPrint:KEYSTONE_5005","","In Stock","Compact THM Test Point -Red","","","Keystone Electronics","5005","NON STANDARD-1 Keystone","","None","https://pricing.snapeda.com/search/part/5005/?ref=eda",""
"","","TP27","5005","SymLib:5005","FootPrint:KEYSTONE_5005","","In Stock","Compact THM Test Point -Red","","","Keystone Electronics","5005","NON STANDARD-1 Keystone","","None","https://pricing.snapeda.com/search/part/5005/?ref=eda",""
"","","TP28","5005","SymLib:5005","FootPrint:KEYSTONE_5005","","In Stock","Compact THM Test Point -Red","","","Keystone Electronics","5005","NON STANDARD-1 Keystone","","None","https://pricing.snapeda.com/search/part/5005/?ref=eda",""
"","","TP29","5005","SymLib:5005","FootPrint:KEYSTONE_5005","","In Stock","Compact THM Test Point -Red","","","Keystone Electronics","5005","NON STANDARD-1 Keystone","","None","https://pricing.snapeda.com/search/part/5005/?ref=eda",""
"","","TP30","5005","SymLib:5005","FootPrint:KEYSTONE_5005","","In Stock","Compact THM Test Point -Red","","","Keystone Electronics","5005","NON STANDARD-1 Keystone","","None","https://pricing.snapeda.com/search/part/5005/?ref=eda",""
"","","TP31","5005","SymLib:5005","FootPrint:KEYSTONE_5005","","In Stock","Compact THM Test Point -Red","","","Keystone Electronics","5005","NON STANDARD-1 Keystone","","None","https://pricing.snapeda.com/search/part/5005/?ref=eda",""
"","","TP32","5005","SymLib:5005","FootPrint:KEYSTONE_5005","","In Stock","Compact THM Test Point -Red","","","Keystone Electronics","5005","NON STANDARD-1 Keystone","","None","https://pricing.snapeda.com/search/part/5005/?ref=eda",""
"","","TP33","5005","SymLib:5005","FootPrint:KEYSTONE_5005","","In Stock","Compact THM Test Point -Red","","","Keystone Electronics","5005","NON STANDARD-1 Keystone","","None","https://pricing.snapeda.com/search/part/5005/?ref=eda",""
"","","TP34","5005","SymLib:5005","FootPrint:KEYSTONE_5005","","In Stock","Compact THM Test Point -Red","","","Keystone Electronics","5005","NON STANDARD-1 Keystone","","None","https://pricing.snapeda.com/search/part/5005/?ref=eda",""
"","","TP35","5005","SymLib:5005","FootPrint:KEYSTONE_5005","","In Stock","Compact THM Test Point -Red","","","Keystone Electronics","5005","NON STANDARD-1 Keystone","","None","https://pricing.snapeda.com/search/part/5005/?ref=eda",""
"","","TP36","5005","SymLib:5005","FootPrint:KEYSTONE_5005","","In Stock","Compact THM Test Point -Red","","","Keystone Electronics","5005","NON STANDARD-1 Keystone","","None","https://pricing.snapeda.com/search/part/5005/?ref=eda",""
"","","TP37","5005","SymLib:5005","FootPrint:KEYSTONE_5005","","In Stock","Compact THM Test Point -Red","","","Keystone Electronics","5005","NON STANDARD-1 Keystone","","None","https://pricing.snapeda.com/search/part/5005/?ref=eda",""
"","","TP38","5005","SymLib:5005","FootPrint:KEYSTONE_5005","","In Stock","Compact THM Test Point -Red","","","Keystone Electronics","5005","NON STANDARD-1 Keystone","","None","https://pricing.snapeda.com/search/part/5005/?ref=eda",""
"","","TP39","5005","SymLib:5005","FootPrint:KEYSTONE_5005","","In Stock","Compact THM Test Point -Red","","","Keystone Electronics","5005","NON STANDARD-1 Keystone","","None","https://pricing.snapeda.com/search/part/5005/?ref=eda",""
"","","TP40","5005","SymLib:5005","FootPrint:KEYSTONE_5005","","In Stock","Compact THM Test Point -Red","","","Keystone Electronics","5005","NON STANDARD-1 Keystone","","None","https://pricing.snapeda.com/search/part/5005/?ref=eda",""
"","","TP41","5005","SymLib:5005","FootPrint:KEYSTONE_5005","","In Stock","Compact THM Test Point -Red","","","Keystone Electronics","5005","NON STANDARD-1 Keystone","","None","https://pricing.snapeda.com/search/part/5005/?ref=eda",""
"","","TP42","5005","SymLib:5005","FootPrint:KEYSTONE_5005","","In Stock","Compact THM Test Point -Red","","","Keystone Electronics","5005","NON STANDARD-1 Keystone","","None","https://pricing.snapeda.com/search/part/5005/?ref=eda",""
"","","TP43","5005","SymLib:5005","FootPrint:KEYSTONE_5005","","In Stock","Compact THM Test Point -Red","","","Keystone Electronics","5005","NON STANDARD-1 Keystone","","None","https://pricing.snapeda.com/search/part/5005/?ref=eda",""
"","","TP44","5005","SymLib:5005","FootPrint:KEYSTONE_5005","","In Stock","Compact THM Test Point -Red","","","Keystone Electronics","5005","NON STANDARD-1 Keystone","","None","https://pricing.snapeda.com/search/part/5005/?ref=eda",""
"","","TP45","5005","SymLib:5005","FootPrint:KEYSTONE_5005","","In Stock","Compact THM Test Point -Red","","","Keystone Electronics","5005","NON STANDARD-1 Keystone","","None","https://pricing.snapeda.com/search/part/5005/?ref=eda",""
"","","TP46","5005","SymLib:5005","FootPrint:KEYSTONE_5005","","In Stock","Compact THM Test Point -Red","","","Keystone Electronics","5005","NON STANDARD-1 Keystone","","None","https://pricing.snapeda.com/search/part/5005/?ref=eda",""
"","","TP47","5005","SymLib:5005","FootPrint:KEYSTONE_5005","","In Stock","Compact THM Test Point -Red","","","Keystone Electronics","5005","NON STANDARD-1 Keystone","","None","https://pricing.snapeda.com/search/part/5005/?ref=eda",""
"","","TP48","5005","SymLib:5005","FootPrint:KEYSTONE_5005","","In Stock","Compact THM Test Point -Red","","","Keystone Electronics","5005","NON STANDARD-1 Keystone","","None","https://pricing.snapeda.com/search/part/5005/?ref=eda",""
"","","TP49","5005","SymLib:5005","FootPrint:KEYSTONE_5005","","In Stock","Compact THM Test Point -Red","","","Keystone Electronics","5005","NON STANDARD-1 Keystone","","None","https://pricing.snapeda.com/search/part/5005/?ref=eda",""
"","","TP50","5005","SymLib:5005","FootPrint:KEYSTONE_5005","","In Stock","Compact THM Test Point -Red","","","Keystone Electronics","5005","NON STANDARD-1 Keystone","","None","https://pricing.snapeda.com/search/part/5005/?ref=eda",""
"","","TP51","5005","SymLib:5005","FootPrint:KEYSTONE_5005","","In Stock","Compact THM Test Point -Red","","","Keystone Electronics","5005","NON STANDARD-1 Keystone","","None","https://pricing.snapeda.com/search/part/5005/?ref=eda",""
"","","TP52","5005","SymLib:5005","FootPrint:KEYSTONE_5005","","In Stock","Compact THM Test Point -Red","","","Keystone Electronics","5005","NON STANDARD-1 Keystone","","None","https://pricing.snapeda.com/search/part/5005/?ref=eda",""
"","","TP53","5005","SymLib:5005","FootPrint:KEYSTONE_5005","","In Stock","Compact THM Test Point -Red","","","Keystone Electronics","5005","NON STANDARD-1 Keystone","","None","https://pricing.snapeda.com/search/part/5005/?ref=eda",""
"","","TP54","5005","SymLib:5005","FootPrint:KEYSTONE_5005","","In Stock","Compact THM Test Point -Red","","","Keystone Electronics","5005","NON STANDARD-1 Keystone","","None","https://pricing.snapeda.com/search/part/5005/?ref=eda",""
"","","TP55","5005","SymLib:5005","FootPrint:KEYSTONE_5005","","In Stock","Compact THM Test Point -Red","","","Keystone Electronics","5005","NON STANDARD-1 Keystone","","None","https://pricing.snapeda.com/search/part/5005/?ref=eda",""
"","","TP56","5005","SymLib:5005","FootPrint:KEYSTONE_5005","","In Stock","Compact THM Test Point -Red","","","Keystone Electronics","5005","NON STANDARD-1 Keystone","","None","https://pricing.snapeda.com/search/part/5005/?ref=eda",""
"","","TP57","5005","SymLib:5005","FootPrint:KEYSTONE_5005","","In Stock","Compact THM Test Point -Red","","","Keystone Electronics","5005","NON STANDARD-1 Keystone","","None","https://pricing.snapeda.com/search/part/5005/?ref=eda",""
"","","TP58","5005","SymLib:5005","FootPrint:KEYSTONE_5005","","In Stock","Compact THM Test Point -Red","","","Keystone Electronics","5005","NON STANDARD-1 Keystone","","None","https://pricing.snapeda.com/search/part/5005/?ref=eda",""
"","","TP59","5005","SymLib:5005","FootPrint:KEYSTONE_5005","","In Stock","Compact THM Test Point -Red","","","Keystone Electronics","5005","NON STANDARD-1 Keystone","","None","https://pricing.snapeda.com/search/part/5005/?ref=eda",""
"","","TP60","5005","SymLib:5005","FootPrint:KEYSTONE_5005","","In Stock","Compact THM Test Point -Red","","","Keystone Electronics","5005","NON STANDARD-1 Keystone","","None","https://pricing.snapeda.com/search/part/5005/?ref=eda",""
"","","TP61","5005","SymLib:5005","FootPrint:KEYSTONE_5005","","In Stock","Compact THM Test Point -Red","","","Keystone Electronics","5005","NON STANDARD-1 Keystone","","None","https://pricing.snapeda.com/search/part/5005/?ref=eda",""
"","","TP62","5005","SymLib:5005","FootPrint:KEYSTONE_5005","","In Stock","Compact THM Test Point -Red","","","Keystone Electronics","5005","NON STANDARD-1 Keystone","","None","https://pricing.snapeda.com/search/part/5005/?ref=eda",""
"","","TP63","5005","SymLib:5005","FootPrint:KEYSTONE_5005","","In Stock","Compact THM Test Point -Red","","","Keystone Electronics","5005","NON STANDARD-1 Keystone","","None","https://pricing.snapeda.com/search/part/5005/?ref=eda",""
"","","TP64","5005","SymLib:5005","FootPrint:KEYSTONE_5005","","In Stock","Compact THM Test Point -Red","","","Keystone Electronics","5005","NON STANDARD-1 Keystone","","None","https://pricing.snapeda.com/search/part/5005/?ref=eda",""
"","","TP65","5005","SymLib:5005","FootPrint:KEYSTONE_5005","","In Stock","Compact THM Test Point -Red","","","Keystone Electronics","5005","NON STANDARD-1 Keystone","","None","https://pricing.snapeda.com/search/part/5005/?ref=eda",""
"","","TP66","5005","SymLib:5005","FootPrint:KEYSTONE_5005","","In Stock","Compact THM Test Point -Red","","","Keystone Electronics","5005","NON STANDARD-1 Keystone","","None","https://pricing.snapeda.com/search/part/5005/?ref=eda",""
"","","TP67","5005","SymLib:5005","FootPrint:KEYSTONE_5005","","In Stock","Compact THM Test Point -Red","","","Keystone Electronics","5005","NON STANDARD-1 Keystone","","None","https://pricing.snapeda.com/search/part/5005/?ref=eda",""
"","","TP68","5005","SymLib:5005","FootPrint:KEYSTONE_5005","","In Stock","Compact THM Test Point -Red","","","Keystone Electronics","5005","NON STANDARD-1 Keystone","","None","https://pricing.snapeda.com/search/part/5005/?ref=eda",""
"","","TP69","5005","SymLib:5005","FootPrint:KEYSTONE_5005","","In Stock","Compact THM Test Point -Red","","","Keystone Electronics","5005","NON STANDARD-1 Keystone","","None","https://pricing.snapeda.com/search/part/5005/?ref=eda",""
"","","TP70","5005","SymLib:5005","FootPrint:KEYSTONE_5005","","In Stock","Compact THM Test Point -Red","","","Keystone Electronics","5005","NON STANDARD-1 Keystone","","None","https://pricing.snapeda.com/search/part/5005/?ref=eda",""
"","","TP71","5005","SymLib:5005","FootPrint:KEYSTONE_5005","","In Stock","Compact THM Test Point -Red","","","Keystone Electronics","5005","NON STANDARD-1 Keystone","","None","https://pricing.snapeda.com/search/part/5005/?ref=eda",""
"","","TP72","5005","SymLib:5005","FootPrint:KEYSTONE_5005","","In Stock","Compact THM Test Point -Red","","","Keystone Electronics","5005","NON STANDARD-1 Keystone","","None","https://pricing.snapeda.com/search/part/5005/?ref=eda",""
"","","TP73","5005","SymLib:5005","FootPrint:KEYSTONE_5005","","In Stock","Compact THM Test Point -Red","","","Keystone Electronics","5005","NON STANDARD-1 Keystone","","None","https://pricing.snapeda.com/search/part/5005/?ref=eda",""
"","","TP74","5005","SymLib:5005","FootPrint:KEYSTONE_5005","","In Stock","Compact THM Test Point -Red","","","Keystone Electronics","5005","NON STANDARD-1 Keystone","","None","https://pricing.snapeda.com/search/part/5005/?ref=eda",""
"","","TP75","5005","SymLib:5005","FootPrint:KEYSTONE_5005","","In Stock","Compact THM Test Point -Red","","","Keystone Electronics","5005","NON STANDARD-1 Keystone","","None","https://pricing.snapeda.com/search/part/5005/?ref=eda",""
"","","TP76","5005","SymLib:5005","FootPrint:KEYSTONE_5005","","In Stock","Compact THM Test Point -Red","","","Keystone Electronics","5005","NON STANDARD-1 Keystone","","None","https://pricing.snapeda.com/search/part/5005/?ref=eda",""
"","","TP77","5005","SymLib:5005","FootPrint:KEYSTONE_5005","","In Stock","Compact THM Test Point -Red","","","Keystone Electronics","5005","NON STANDARD-1 Keystone","","None","https://pricing.snapeda.com/search/part/5005/?ref=eda",""
"","","TP78","5005","SymLib:5005","FootPrint:KEYSTONE_5005","","In Stock","Compact THM Test Point -Red","","","Keystone Electronics","5005","NON STANDARD-1 Keystone","","None","https://pricing.snapeda.com/search/part/5005/?ref=eda",""
"","","TP79","5005","SymLib:5005","FootPrint:KEYSTONE_5005","","In Stock","Compact THM Test Point -Red","","","Keystone Electronics","5005","NON STANDARD-1 Keystone","","None","https://pricing.snapeda.com/search/part/5005/?ref=eda",""
"","","TP80","5005","SymLib:5005","FootPrint:KEYSTONE_5005","","In Stock","Compact THM Test Point -Red","","","Keystone Electronics","5005","NON STANDARD-1 Keystone","","None","https://pricing.snapeda.com/search/part/5005/?ref=eda",""
"","","TP81","5005","SymLib:5005","FootPrint:KEYSTONE_5005","","In Stock","Compact THM Test Point -Red","","","Keystone Electronics","5005","NON STANDARD-1 Keystone","","None","https://pricing.snapeda.com/search/part/5005/?ref=eda",""
"","","TP82","5005","SymLib:5005","FootPrint:KEYSTONE_5005","","In Stock","Compact THM Test Point -Red","","","Keystone Electronics","5005","NON STANDARD-1 Keystone","","None","https://pricing.snapeda.com/search/part/5005/?ref=eda",""
"","","TP83","5005","SymLib:5005","FootPrint:KEYSTONE_5005","","In Stock","Compact THM Test Point -Red","","","Keystone Electronics","5005","NON STANDARD-1 Keystone","","None","https://pricing.snapeda.com/search/part/5005/?ref=eda",""
"","","TP84","5005","SymLib:5005","FootPrint:KEYSTONE_5005","","In Stock","Compact THM Test Point -Red","","","Keystone Electronics","5005","NON STANDARD-1 Keystone","","None","https://pricing.snapeda.com/search/part/5005/?ref=eda",""
"","","TP85","5005","SymLib:5005","FootPrint:KEYSTONE_5005","","In Stock","Compact THM Test Point -Red","","","Keystone Electronics","5005","NON STANDARD-1 Keystone","","None","https://pricing.snapeda.com/search/part/5005/?ref=eda",""
"","","TP86","5005","SymLib:5005","FootPrint:KEYSTONE_5005","","In Stock","Compact THM Test Point -Red","","","Keystone Electronics","5005","NON STANDARD-1 Keystone","","None","https://pricing.snapeda.com/search/part/5005/?ref=eda",""
"","","TP87","5005","SymLib:5005","FootPrint:KEYSTONE_5005","","In Stock","Compact THM Test Point -Red","","","Keystone Electronics","5005","NON STANDARD-1 Keystone","","None","https://pricing.snapeda.com/search/part/5005/?ref=eda",""
"","","TP88","5005","SymLib:5005","FootPrint:KEYSTONE_5005","","In Stock","Compact THM Test Point -Red","","","Keystone Electronics","5005","NON STANDARD-1 Keystone","","None","https://pricing.snapeda.com/search/part/5005/?ref=eda",""
"","","TP89","5005","SymLib:5005","FootPrint:KEYSTONE_5005","","In Stock","Compact THM Test Point -Red","","","Keystone Electronics","5005","NON STANDARD-1 Keystone","","None","https://pricing.snapeda.com/search/part/5005/?ref=eda",""
"","","TP90","5005","SymLib:5005","FootPrint:KEYSTONE_5005","","In Stock","Compact THM Test Point -Red","","","Keystone Electronics","5005","NON STANDARD-1 Keystone","","None","https://pricing.snapeda.com/search/part/5005/?ref=eda",""
"","","TP91","5005","SymLib:5005","FootPrint:KEYSTONE_5005","","In Stock","Compact THM Test Point -Red","","","Keystone Electronics","5005","NON STANDARD-1 Keystone","","None","https://pricing.snapeda.com/search/part/5005/?ref=eda",""
"","","TP92","5005","SymLib:5005","FootPrint:KEYSTONE_5005","","In Stock","Compact THM Test Point -Red","","","Keystone Electronics","5005","NON STANDARD-1 Keystone","","None","https://pricing.snapeda.com/search/part/5005/?ref=eda",""
"","","TP93","5005","SymLib:5005","FootPrint:KEYSTONE_5005","","In Stock","Compact THM Test Point -Red","","","Keystone Electronics","5005","NON STANDARD-1 Keystone","","None","https://pricing.snapeda.com/search/part/5005/?ref=eda",""
"","","TP94","5005","SymLib:5005","FootPrint:KEYSTONE_5005","","In Stock","Compact THM Test Point -Red","","","Keystone Electronics","5005","NON STANDARD-1 Keystone","","None","https://pricing.snapeda.com/search/part/5005/?ref=eda",""
"","","TP95","5005","SymLib:5005","FootPrint:KEYSTONE_5005","","In Stock","Compact THM Test Point -Red","","","Keystone Electronics","5005","NON STANDARD-1 Keystone","","None","https://pricing.snapeda.com/search/part/5005/?ref=eda",""
"","","TP96","5005","SymLib:5005","FootPrint:KEYSTONE_5005","","In Stock","Compact THM Test Point -Red","","","Keystone Electronics","5005","NON STANDARD-1 Keystone","","None","https://pricing.snapeda.com/search/part/5005/?ref=eda",""
"","","TP97","5005","SymLib:5005","FootPrint:KEYSTONE_5005","","In Stock","Compact THM Test Point -Red","","","Keystone Electronics","5005","NON STANDARD-1 Keystone","","None","https://pricing.snapeda.com/search/part/5005/?ref=eda",""
"","","TP98","5005","SymLib:5005","FootPrint:KEYSTONE_5005","","In Stock","Compact THM Test Point -Red","","","Keystone Electronics","5005","NON STANDARD-1 Keystone","","None","https://pricing.snapeda.com/search/part/5005/?ref=eda",""
"","","TP99","5005","SymLib:5005","FootPrint:KEYSTONE_5005","","In Stock","Compact THM Test Point -Red","","","Keystone Electronics","5005","NON STANDARD-1 Keystone","","None","https://pricing.snapeda.com/search/part/5005/?ref=eda",""
"","","TP100","5005","SymLib:5005","FootPrint:KEYSTONE_5005","","In Stock","Compact THM Test Point -Red","","","Keystone Electronics","5005","NON STANDARD-1 Keystone","","None","https://pricing.snapeda.com/search/part/5005/?ref=eda",""
"","","TP101","5005","SymLib:5005","FootPrint:KEYSTONE_5005","","In Stock","Compact THM Test Point -Red","","","Keystone Electronics","5005","NON STANDARD-1 Keystone","","None","https://pricing.snapeda.com/search/part/5005/?ref=eda",""
"","","TP102","5005","SymLib:5005","FootPrint:KEYSTONE_5005","","In Stock","Compact THM Test Point -Red","","","Keystone Electronics","5005","NON STANDARD-1 Keystone","","None","https://pricing.snapeda.com/search/part/5005/?ref=eda",""
"","","TP103","5005","SymLib:5005","FootPrint:KEYSTONE_5005","","In Stock","Compact THM Test Point -Red","","","Keystone Electronics","5005","NON STANDARD-1 Keystone","","None","https://pricing.snapeda.com/search/part/5005/?ref=eda",""
"","","TP104","5005","SymLib:5005","FootPrint:KEYSTONE_5005","","In Stock","Compact THM Test Point -Red","","","Keystone Electronics","5005","NON STANDARD-1 Keystone","","None","https://pricing.snapeda.com/search/part/5005/?ref=eda",""
"","","TP105","5005","SymLib:5005","FootPrint:KEYSTONE_5005","","In Stock","Compact THM Test Point -Red","","","Keystone Electronics","5005","NON STANDARD-1 Keystone","","None","https://pricing.snapeda.com/search/part/5005/?ref=eda",""
"","","TP106","5005","SymLib:5005","FootPrint:KEYSTONE_5005","","In Stock","Compact THM Test Point -Red","","","Keystone Electronics","5005","NON STANDARD-1 Keystone","","None","https://pricing.snapeda.com/search/part/5005/?ref=eda",""
"","","TP107","5005","SymLib:5005","FootPrint:KEYSTONE_5005","","In Stock","Compact THM Test Point -Red","","","Keystone Electronics","5005","NON STANDARD-1 Keystone","","None","https://pricing.snapeda.com/search/part/5005/?ref=eda",""
"","","TP108","5005","SymLib:5005","FootPrint:KEYSTONE_5005","","In Stock","Compact THM Test Point -Red","","","Keystone Electronics","5005","NON STANDARD-1 Keystone","","None","https://pricing.snapeda.com/search/part/5005/?ref=eda",""
"","","TP109","5005","SymLib:5005","FootPrint:KEYSTONE_5005","","In Stock","Compact THM Test Point -Red","","","Keystone Electronics","5005","NON STANDARD-1 Keystone","","None","https://pricing.snapeda.com/search/part/5005/?ref=eda",""
"","","TP110","5005","SymLib:5005","FootPrint:KEYSTONE_5005","","In Stock","Compact THM Test Point -Red","","","Keystone Electronics","5005","NON STANDARD-1 Keystone","","None","https://pricing.snapeda.com/search/part/5005/?ref=eda",""
"","","TP111","5005","SymLib:5005","FootPrint:KEYSTONE_5005","","In Stock","Compact THM Test Point -Red","","","Keystone Electronics","5005","NON STANDARD-1 Keystone","","None","https://pricing.snapeda.com/search/part/5005/?ref=eda",""
"","","TP112","5005","SymLib:5005","FootPrint:KEYSTONE_5005","","In Stock","Compact THM Test Point -Red","","","Keystone Electronics","5005","NON STANDARD-1 Keystone","","None","https://pricing.snapeda.com/search/part/5005/?ref=eda",""
"","","TP113","5005","SymLib:5005","FootPrint:KEYSTONE_5005","","In Stock","Compact THM Test Point -Red","","","Keystone Electronics","5005","NON STANDARD-1 Keystone","","None","https://pricing.snapeda.com/search/part/5005/?ref=eda",""
"","","TP114","5005","SymLib:5005","FootPrint:KEYSTONE_5005","","In Stock","Compact THM Test Point -Red","","","Keystone Electronics","5005","NON STANDARD-1 Keystone","","None","https://pricing.snapeda.com/search/part/5005/?ref=eda",""
"","","TP115","5005","SymLib:5005","FootPrint:KEYSTONE_5005","","In Stock","Compact THM Test Point -Red","","","Keystone Electronics","5005","NON STANDARD-1 Keystone","","None","https://pricing.snapeda.com/search/part/5005/?ref=eda",""
"","","TP116","5005","SymLib:5005","FootPrint:KEYSTONE_5005","","In Stock","Compact THM Test Point -Red","","","Keystone Electronics","5005","NON STANDARD-1 Keystone","","None","https://pricing.snapeda.com/search/part/5005/?ref=eda",""
"","","TP117","5005","SymLib:5005","FootPrint:KEYSTONE_5005","","In Stock","Compact THM Test Point -Red","","","Keystone Electronics","5005","NON STANDARD-1 Keystone","","None","https://pricing.snapeda.com/search/part/5005/?ref=eda",""
"","","TP118","5005","SymLib:5005","FootPrint:KEYSTONE_5005","","In Stock","Compact THM Test Point -Red","","","Keystone Electronics","5005","NON STANDARD-1 Keystone","","None","https://pricing.snapeda.com/search/part/5005/?ref=eda",""
"","","TP119","5005","SymLib:5005","FootPrint:KEYSTONE_5005","","In Stock","Compact THM Test Point -Red","","","Keystone Electronics","5005","NON STANDARD-1 Keystone","","None","https://pricing.snapeda.com/search/part/5005/?ref=eda",""
"","","TP120","5005","SymLib:5005","FootPrint:KEYSTONE_5005","","In Stock","Compact THM Test Point -Red","","","Keystone Electronics","5005","NON STANDARD-1 Keystone","","None","https://pricing.snapeda.com/search/part/5005/?ref=eda",""
"","","TP121","5005","SymLib:5005","FootPrint:KEYSTONE_5005","","In Stock","Compact THM Test Point -Red","","","Keystone Electronics","5005","NON STANDARD-1 Keystone","","None","https://pricing.snapeda.com/search/part/5005/?ref=eda",""
"","","TP122","5005","SymLib:5005","FootPrint:KEYSTONE_5005","","In Stock","Compact THM Test Point -Red","","","Keystone Electronics","5005","NON STANDARD-1 Keystone","","None","https://pricing.snapeda.com/search/part/5005/?ref=eda",""
"","","TP123","5005","SymLib:5005","FootPrint:KEYSTONE_5005","","In Stock","Compact THM Test Point -Red","","","Keystone Electronics","5005","NON STANDARD-1 Keystone","","None","https://pricing.snapeda.com/search/part/5005/?ref=eda",""
"","","TP124","5005","SymLib:5005","FootPrint:KEYSTONE_5005","","In Stock","Compact THM Test Point -Red","","","Keystone Electronics","5005","NON STANDARD-1 Keystone","","None","https://pricing.snapeda.com/search/part/5005/?ref=eda",""
"","","TP125","5005","SymLib:5005","FootPrint:KEYSTONE_5005","","In Stock","Compact THM Test Point -Red","","","Keystone Electronics","5005","NON STANDARD-1 Keystone","","None","https://pricing.snapeda.com/search/part/5005/?ref=eda",""
"","","TP126","5005","SymLib:5005","FootPrint:KEYSTONE_5005","","In Stock","Compact THM Test Point -Red","","","Keystone Electronics","5005","NON STANDARD-1 Keystone","","None","https://pricing.snapeda.com/search/part/5005/?ref=eda",""
"","","TP127","5005","SymLib:5005","FootPrint:KEYSTONE_5005","","In Stock","Compact THM Test Point -Red","","","Keystone Electronics","5005","NON STANDARD-1 Keystone","","None","https://pricing.snapeda.com/search/part/5005/?ref=eda",""
"","","TP128","5005","SymLib:5005","FootPrint:KEYSTONE_5005","","In Stock","Compact THM Test Point -Red","","","Keystone Electronics","5005","NON STANDARD-1 Keystone","","None","https://pricing.snapeda.com/search/part/5005/?ref=eda",""
"","","TP129","5005","SymLib:5005","FootPrint:KEYSTONE_5005","","In Stock","Compact THM Test Point -Red","","","Keystone Electronics","5005","NON STANDARD-1 Keystone","","None","https://pricing.snapeda.com/search/part/5005/?ref=eda",""
"","","TP130","5005","SymLib:5005","FootPrint:KEYSTONE_5005","","In Stock","Compact THM Test Point -Red","","","Keystone Electronics","5005","NON STANDARD-1 Keystone","","None","https://pricing.snapeda.com/search/part/5005/?ref=eda",""
"","","TP131","5005","SymLib:5005","FootPrint:KEYSTONE_5005","","In Stock","Compact THM Test Point -Red","","","Keystone Electronics","5005","NON STANDARD-1 Keystone","","None","https://pricing.snapeda.com/search/part/5005/?ref=eda",""
"","","TP132","5005","SymLib:5005","FootPrint:KEYSTONE_5005","","In Stock","Compact THM Test Point -Red","","","Keystone Electronics","5005","NON STANDARD-1 Keystone","","None","https://pricing.snapeda.com/search/part/5005/?ref=eda",""
"","","TP133","5005","SymLib:5005","FootPrint:KEYSTONE_5005","","In Stock","Compact THM Test Point -Red","","","Keystone Electronics","5005","NON STANDARD-1 Keystone","","None","https://pricing.snapeda.com/search/part/5005/?ref=eda",""
"","","TP134","5005","SymLib:5005","FootPrint:KEYSTONE_5005","","In Stock","Compact THM Test Point -Red","","","Keystone Electronics","5005","NON STANDARD-1 Keystone","","None","https://pricing.snapeda.com/search/part/5005/?ref=eda",""
"","","U1","PTSM36ADBZR","SymLib:PTSM36ADBZR","FootPrint:SOT-23-3_DBZ_TEX","PTSM36ADBZR","","","","","","","","","","",""
"","","U2","PTSM36ADBZR",":PTSM36ADBZR_1","FootPrint:SOT-23-3_DBZ_TEX","PTSM36ADBZR","","","","","","","","","","",""
"","","U3","STPS20M100SG-TR","SymLib:STPS20M100SG-TR","FootPrint:D2PAK_STM","STPS20M100SG-TR","","","","","","","","","","",""
"","","U4","SN74LVC3G14DCUT_V2","SymLib:SN74LVC3G14DCUT_V2","FootPrint:SN74LVC3G14DCUT","","","","","","","","","","","",""
"","","U5","CD4044BPWR","SymLib:CD4044BPWR","FootPrint:CD4044BPWR","CD4044BPWR","","","","","","","","","","",""
"","","U6","LMZ23603TZ_NOPB","SymLib:LMZ23603TZ_NOPB","FootPrint:LMZ23603","LMZ23603TZ/NOPB","","","","","","","","","","",""
"","","U7","TPS7A4701RGWR","SymLib:TPS7A4701RGWR","FootPrint:TPS7A470","","","","Texas Instruments","1.00mm","","","","4204100/C 07/11","","","IPC-7351B"
"","","U8","SN74LVC1G32DRLR","SymLib:SN74LVC1G32DRLR","FootPrint:DRL5","SN74LVC1G32DRLR","","","","","","","","","","",""
"","","U9","SN74LVC1G32DRLR","SymLib:SN74LVC1G32DRLR","FootPrint:DRL5","SN74LVC1G32DRLR","","","","","","","","","","",""
"","","U10","SN74LVC1G32DRLR","SymLib:SN74LVC1G32DRLR","FootPrint:DRL5","SN74LVC1G32DRLR","","","","","","","","","","",""
"","","U11","SN74LVC1G32DRLR","SymLib:SN74LVC1G32DRLR","FootPrint:DRL5","SN74LVC1G32DRLR","","","","","","","","","","",""
"","","U12","SN74LVC1G32DRLR","SymLib:SN74LVC1G32DRLR","FootPrint:DRL5","SN74LVC1G32DRLR","","","","","","","","","","",""
"","","U13","ADCMP602BRMZ",":ADCMP602BRMZ_2","FootPrint:ADCMP602BRMZ","ADCMP602BRMZ","","","","","","","","","","",""
"","","U14","ADCMP602BRMZ","SymLib:ADCMP602BRMZ","FootPrint:ADCMP602BRMZ","ADCMP602BRMZ","","","","","","","","","","",""
"","","U15","ADCMP602BRMZ",":ADCMP602BRMZ_1","FootPrint:ADCMP602BRMZ","ADCMP602BRMZ","","","","","","","","","","",""
"","","U16","SN74LVC3G14DCUT_V2","SymLib:SN74LVC3G14DCUT_V2","FootPrint:SN74LVC3G14DCUT","","","","","","","","","","","",""
"","","U17","SN74LVC1G08DRLR","SymLib:SN74LVC1G08DRLR","FootPrint:DRL5","SN74LVC1G08DRLR","","","","","","","","","","",""
"","","U18","SN74LVC1G08DRLR","SymLib:SN74LVC1G08DRLR","FootPrint:DRL5","SN74LVC1G08DRLR","","","","","","","","","","",""
"","","U19","SN74LVC1G08DRLR","SymLib:SN74LVC1G08DRLR","FootPrint:DRL5","SN74LVC1G08DRLR","","","","","","","","","","",""
"","","U20","SN74LVC3G14DCUT_V2","SymLib:SN74LVC3G14DCUT_V2","FootPrint:SN74LVC3G14DCUT","","","","","","","","","","","",""
"","","U21","SN74LVC3G14DCUT_V2","SymLib:SN74LVC3G14DCUT_V2","FootPrint:SN74LVC3G14DCUT","","","","","","","","","","","",""
"","","U22","SN74LVC3G14DCUT_V2","SymLib:SN74LVC3G14DCUT_V2","FootPrint:SN74LVC3G14DCUT","","","","","","","","","","","",""
"","","U23","SN74LVC3G14DCUT_V2","SymLib:SN74LVC3G14DCUT_V2","FootPrint:SN74LVC3G14DCUT","","","","","","","","","","","",""
"","","U24","SN74LVC1G32DRLR","SymLib:SN74LVC1G32DRLR","FootPrint:DRL5","SN74LVC1G32DRLR","","","","","","","","","","",""
"","","U25","ADCMP602BRMZ",":ADCMP602BRMZ_2","FootPrint:ADCMP602BRMZ","ADCMP602BRMZ","","","","","","","","","","",""
"","","U26","ADCMP602BRMZ","SymLib:ADCMP602BRMZ","FootPrint:ADCMP602BRMZ","ADCMP602BRMZ","","","","","","","","","","",""
"","","U27","ADCMP602BRMZ",":ADCMP602BRMZ_1","FootPrint:ADCMP602BRMZ","ADCMP602BRMZ","","","","","","","","","","",""
"","","U28","MCP6001T-I_OT",":MCP6001T-I_OT_2","FootPrint:SOT95P270X145-5N","","Unavailable","MCP6001 Series 6 V 1 MHz 0.6 V/us SMT Low-Power Operational Amplifier - SOT-23-5","","","Microchip","MCP6001T-I/OT","SOT-23 Microchip","","None","",""
"","","U29","MCP6001T-I_OT","SymLib:MCP6001T-I_OT","FootPrint:SOT95P270X145-5N","","Unavailable","MCP6001 Series 6 V 1 MHz 0.6 V/us SMT Low-Power Operational Amplifier - SOT-23-5","","","Microchip","MCP6001T-I/OT","SOT-23 Microchip","","None","",""
"","","U30","MCP6001T-I_OT",":MCP6001T-I_OT_1","FootPrint:SOT95P270X145-5N","","Unavailable","MCP6001 Series 6 V 1 MHz 0.6 V/us SMT Low-Power Operational Amplifier - SOT-23-5","","","Microchip","MCP6001T-I/OT","SOT-23 Microchip","","None","",""
"","","U31","ADCMP602BRMZ",":ADCMP602BRMZ_1","FootPrint:ADCMP602BRMZ","ADCMP602BRMZ","","","","","","","","","","",""
"","","U32","ADCMP602BRMZ",":ADCMP602BRMZ_2","FootPrint:ADCMP602BRMZ","ADCMP602BRMZ","","","","","","","","","","",""
"","","U33","ADCMP602BRMZ","SymLib:ADCMP602BRMZ","FootPrint:ADCMP602BRMZ","ADCMP602BRMZ","","","","","","","","","","",""
"","","U34","ADCMP602BRMZ","SymLib:ADCMP602BRMZ","FootPrint:ADCMP602BRMZ","ADCMP602BRMZ","","","","","","","","","","",""
"","","U35","ADCMP602BRMZ",":ADCMP602BRMZ_1","FootPrint:ADCMP602BRMZ","ADCMP602BRMZ","","","","","","","","","","",""
"","","U36","ADCMP602BRMZ",":ADCMP602BRMZ_2","FootPrint:ADCMP602BRMZ","ADCMP602BRMZ","","","","","","","","","","",""
"","","U37","SN74LVC1G32DRLR","SymLib:SN74LVC1G32DRLR","FootPrint:DRL5","SN74LVC1G32DRLR","","","","","","","","","","",""
"","","U38","ADCMP602BRMZ",":ADCMP602BRMZ_1","FootPrint:ADCMP602BRMZ","ADCMP602BRMZ","","","","","","","","","","",""
"","","U39","ADCMP602BRMZ","SymLib:ADCMP602BRMZ","FootPrint:ADCMP602BRMZ","ADCMP602BRMZ","","","","","","","","","","",""
"","","U40","SN74LVC3G14DCUT_V2","SymLib:SN74LVC3G14DCUT_V2","FootPrint:SN74LVC3G14DCUT","","","","","","","","","","","",""
"","","U41","SN74LVC3G14DCUT_V2","SymLib:SN74LVC3G14DCUT_V2","FootPrint:SN74LVC3G14DCUT","","","","","","","","","","","",""
"","","U42","ADCMP602BRMZ","SymLib:ADCMP602BRMZ","FootPrint:ADCMP602BRMZ","ADCMP602BRMZ","","","","","","","","","","",""
"","","U43","SN74LVC3G14DCUT_V2","SymLib:SN74LVC3G14DCUT_V2","FootPrint:SN74LVC3G14DCUT","","","","","","","","","","","",""
"","","U44","SN74LVC3G14DCUT_V2","SymLib:SN74LVC3G14DCUT_V2","FootPrint:SN74LVC3G14DCUT","","","","","","","","","","","",""
"","","U45","SN74LVC3G14DCUT_V2","SymLib:SN74LVC3G14DCUT_V2","FootPrint:SN74LVC3G14DCUT","","","","","","","","","","","",""
"","","U46","SN74LVC3G14DCUT_V2","SymLib:SN74LVC3G14DCUT_V2","FootPrint:SN74LVC3G14DCUT","","","","","","","","","","","",""
"","","U47","SN74LVC3G14DCUT_V2","SymLib:SN74LVC3G14DCUT_V2","FootPrint:SN74LVC3G14DCUT","","","","","","","","","","","",""
"","","U48","SN74LVC3G14DCUT_V2","SymLib:SN74LVC3G14DCUT_V2","FootPrint:SN74LVC3G14DCUT","","","","","","","","","","","",""
"","","U49","SN74LVC3G14DCUT_V2","SymLib:SN74LVC3G14DCUT_V2","FootPrint:SN74LVC3G14DCUT","","","","","","","","","","","",""
"","","U50","SN74LVC3G14DCUT_V2","SymLib:SN74LVC3G14DCUT_V2","FootPrint:SN74LVC3G14DCUT","","","","","","","","","","","",""
"","","U51","SN74LVC3G14DCUT_V2","SymLib:SN74LVC3G14DCUT_V2","FootPrint:SN74LVC3G14DCUT","","","","","","","","","","","",""
"","","U52","SN74LVC3G14DCUT_V2","SymLib:SN74LVC3G14DCUT_V2","FootPrint:SN74LVC3G14DCUT","","","","","","","","","","","",""
"","","U53","SN74LVC3G14DCUT_V2","SymLib:SN74LVC3G14DCUT_V2","FootPrint:SN74LVC3G14DCUT","","","","","","","","","","","",""
"","","U54","SN74LVC3G14DCUT_V2","SymLib:SN74LVC3G14DCUT_V2","FootPrint:SN74LVC3G14DCUT","","","","","","","","","","","",""
"","","U55","SN74LVC3G14DCUT_V2","SymLib:SN74LVC3G14DCUT_V2","FootPrint:SN74LVC3G14DCUT","","","","","","","","","","","",""
"","","U56","SN74LVC3G14DCUT_V2","SymLib:SN74LVC3G14DCUT_V2","FootPrint:SN74LVC3G14DCUT","","","","","","","","","","","",""
"","","U57","SN74LVC3G14DCUT_V2","SymLib:SN74LVC3G14DCUT_V2","FootPrint:SN74LVC3G14DCUT","","","","","","","","","","","",""
"","","U58","SN74LVC1G32DRLR","SymLib:SN74LVC1G32DRLR","FootPrint:DRL5","SN74LVC1G32DRLR","","","","","","","","","","",""
"","","U59","SN74LVC1G32DRLR","SymLib:SN74LVC1G32DRLR","FootPrint:DRL5","SN74LVC1G32DRLR","","","","","","","","","","",""
"","","U60","SN74LVC1G08DRLR","SymLib:SN74LVC1G08DRLR","FootPrint:DRL5","SN74LVC1G08DRLR","","","","","","","","","","",""
"","","U61","SN74LVC1G32DRLR","SymLib:SN74LVC1G32DRLR","FootPrint:DRL5","SN74LVC1G32DRLR","","","","","","","","","","",""
"","","U62","SN74LVC1G32DRLR","SymLib:SN74LVC1G32DRLR","FootPrint:DRL5","SN74LVC1G32DRLR","","","","","","","","","","",""
"","","U63","SN74LVC1G08DRLR","SymLib:SN74LVC1G08DRLR","FootPrint:DRL5","SN74LVC1G08DRLR","","","","","","","","","","",""
"","","U64","SN74LVC1G32DRLR","SymLib:SN74LVC1G32DRLR","FootPrint:DRL5","SN74LVC1G32DRLR","","","","","","","","","","",""
"","","U65","SN74LVC1G32DRLR","SymLib:SN74LVC1G32DRLR","FootPrint:DRL5","SN74LVC1G32DRLR","","","","","","","","","","",""
"","","U66","SN74LVC1G08DRLR","SymLib:SN74LVC1G08DRLR","FootPrint:DRL5","SN74LVC1G08DRLR","","","","","","","","","","",""
"","","U67","SN74LVC1G32DRLR","SymLib:SN74LVC1G32DRLR","FootPrint:DRL5","SN74LVC1G32DRLR","","","","","","","","","","",""
"","","U68","SN74LVC1G32DRLR","SymLib:SN74LVC1G32DRLR","FootPrint:DRL5","SN74LVC1G32DRLR","","","","","","","","","","",""
"","","U69","SN74LVC1G08DRLR","SymLib:SN74LVC1G08DRLR","FootPrint:DRL5","SN74LVC1G08DRLR","","","","","","","","","","",""
"","","U70","SN74LVC1G32DRLR","SymLib:SN74LVC1G32DRLR","FootPrint:DRL5","SN74LVC1G32DRLR","","","","","","","","","","",""
"","","U71","SN74LVC1G32DRLR","SymLib:SN74LVC1G32DRLR","FootPrint:DRL5","SN74LVC1G32DRLR","","","","","","","","","","",""
"","","U72","SN74LVC1G08DRLR","SymLib:SN74LVC1G08DRLR","FootPrint:DRL5","SN74LVC1G08DRLR","","","","","","","","","","",""
"","","U73","SN74LVC1G32DRLR","SymLib:SN74LVC1G32DRLR","FootPrint:DRL5","SN74LVC1G32DRLR","","","","","","","","","","",""
"","","U74","SN74LVC1G08DRLR","SymLib:SN74LVC1G08DRLR","FootPrint:DRL5","SN74LVC1G08DRLR","","","","","","","","","","",""
"","","U75","SN74LVC1G08DRLR","SymLib:SN74LVC1G08DRLR","FootPrint:DRL5","SN74LVC1G08DRLR","","","","","","","","","","",""
"","","U76","SN74LVC1G08DRLR","SymLib:SN74LVC1G08DRLR","FootPrint:DRL5","SN74LVC1G08DRLR","","","","","","","","","","",""
"","","U77","SN74LVC1G32DRLR","SymLib:SN74LVC1G32DRLR","FootPrint:DRL5","SN74LVC1G32DRLR","","","","","","","","","","",""
"","","U78","SN74LVC1G32DRLR","SymLib:SN74LVC1G32DRLR","FootPrint:DRL5","SN74LVC1G32DRLR","","","","","","","","","","",""
"","","U79","SN74LVC1G32DRLR","SymLib:SN74LVC1G32DRLR","FootPrint:DRL5","SN74LVC1G32DRLR","","","","","","","","","","",""
"","","U80","SN74LVC1G08DRLR","SymLib:SN74LVC1G08DRLR","FootPrint:DRL5","SN74LVC1G08DRLR","","","","","","","","","","",""
"","","U81","SN74LVC1G32DRLR","SymLib:SN74LVC1G32DRLR","FootPrint:DRL5","SN74LVC1G32DRLR","","","","","","","","","","",""
"","","U82","SN74LVC1G32DRLR","SymLib:SN74LVC1G32DRLR","FootPrint:DRL5","SN74LVC1G32DRLR","","","","","","","","","","",""



"Collated Components:"

"Item","Qty","Reference(s)","Value","LibPart","Footprint","Datasheet","AVAILABILITY","DESCRIPTION","MANUFACTURER","MAXIMUM_PACKAGE_HEIGHT","MF","MP","PACKAGE","PARTREV","PRICE","PURCHASE-URL","STANDARD"
"1","21","C1, C10, C13, C14, C15, C16, C17, C40, C41, C42, C43, C44, C45, C46, C111, C112, C123, C124, C125, C126, C127","10uF","Device:C","Capacitor_SMD:C_0603_1608Metric","~","","","","","","","","","","",""
"2","1","C2","150uF 50V","Device:C_Polarized_US","FootPrint:CAP_EEHZS1H151P","~","","","","","","","","","","",""
"3","1","C3","10 uF","Device:C","Capacitor_SMD:C_0805_2012Metric","~","","","","","","","","","","",""
"4","2","C4, C7","0,047uF","Device:C","Capacitor_SMD:C_0603_1608Metric","~","","","","","","","","","","",""
"5","1","C5","100uF 20V","Device:C_Polarized_US","FootPrint:CAP_PC_8X7_NCH","~","","","","","","","","","","",""
"6","1","C6","220uF 50V","Device:C_Polarized_US","FootPrint:CAP_EEHZS1H221P","~","","","","","","","","","","",""
"7","1","C8","100uF","Device:C","Capacitor_SMD:C_1210_3225Metric","~","","","","","","","","","","",""
"8","1","C9","220uF 20V","Device:C_Polarized_US","FootPrint:CAP_20SVPK220M","~","","","","","","","","","","",""
"9","4","C11, C76, C77, C78","1uF","Device:C","Capacitor_SMD:C_0603_1608Metric","~","","","","","","","","","","",""
"10","1","C12","47uF","Device:C","Capacitor_SMD:C_1206_3216Metric","~","","","","","","","","","","",""
"11","36","C18, C19, C20, C21, C22, C23, C24, C25, C26, C33, C47, C48, C49, C50, C52, C54, C55, C68, C69, C70, C71, C72, C79, C92, C94, C96, C107, C113, C114, C128, C129, C134, C135, C136, C137, C138","1nF","Device:C","Capacitor_SMD:C_0603_1608Metric","~","","","","","","","","","","",""
"12","60","C27, C28, C29, C30, C31, C32, C34, C35, C36, C37, C38, C39, C56, C57, C58, C59, C60, C61, C62, C63, C64, C65, C66, C67, C80, C81, C82, C83, C84, C85, C86, C87, C88, C89, C90, C91, C98, C99, C100, C101, C102, C103, C104, C105, C106, C108, C109, C110, C115, C116, C117, C118, C119, C120, C121, C122, C130, C131, C132, C133","0,01uF","Device:C","Capacitor_SMD:C_0603_1608Metric","~","","","","","","","","","","",""
"13","3","C73, C74, C75","0,1uF","Device:C","Capacitor_SMD:C_0603_1608Metric","~","","","","","","","","","","",""
"14","1","D1","SS12P3L-M3_86A",":SS12P2L-M3_86A_2","FootPrint:DIO_SS12P2L-M3_86A","","","","VISHAY","","","","","","","","Manufacturer Recommendations"
"15","1","D2","SS12P3L-M3_86A",":SS12P2L-M3_86A_1","FootPrint:DIO_SS12P2L-M3_86A","","","","VISHAY","","","","","","","","Manufacturer Recommendations"
"16","1","D3","SS12P3L-M3_86A","SymLib:SS12P2L-M3_86A","FootPrint:DIO_SS12P2L-M3_86A","","","","VISHAY","","","","","","","","Manufacturer Recommendations"
"17","87","D4, D5, D6, D7, D8, D9, D10, D11, D12, D13, D14, D15, D16, D17, D18, D19, D20, D21, D22, D23, D24, D25, D26, D27, D28, D29, D30, D31, D32, D33, D34, D35, D36, D37, D38, D39, D40, D41, D42, D43, D44, D45, D46, D47, D48, D49, D50, D51, D52, D53, D54, D55, D56, D57, D58, D59, D60, D61, D62, D63, D64, D65, D66, D67, D68, D69, D70, D71, D72, D73, D74, D75, D76, D77, D78, D79, D80, D81, D82, D83, D84, D85, D86, D87, D88, D89, D90","TPD1E","Device:D_Zener","FootPrint:DPY2_TEX","~","","","","","","","","","","",""
"18","1","F1","FSF 0034.1508 160mA","Device:Fuse","FootPrint:696108003002","~","","","","","","","","","","",""
"19","1","F2","FSF 0034.1520 2,5A","Device:Fuse","FootPrint:696108003002","~","","","","","","","","","","",""
"20","1","J1","24V",":1729128_1","FootPrint:TerminalBlock14AWG","1729128","","","","","","","","","","",""
"21","1","J2","5V","SymLib:1729128","FootPrint:TerminalBlock14AWG","1729128","","","","","","","","","","",""
"22","1","J3","24V","SymLib:1729128","FootPrint:TerminalBlock14AWG","1729128","","","","","","","","","","",""
"23","1","J4","CN8","Connector_Generic:Conn_02x08_Odd_Even","Connector_PinSocket_2.54mm:PinSocket_2x08_P2.54mm_Vertical","~","","","","","","","","","","",""
"24","1","J5","CN9","Connector_Generic:Conn_02x15_Odd_Even","Connector_PinSocket_2.54mm:PinSocket_2x15_P2.54mm_Vertical","~","","","","","","","","","","",""
"25","1","J6","CN7","Connector_Generic:Conn_02x10_Odd_Even","Connector_PinSocket_2.54mm:PinSocket_2x10_P2.54mm_Vertical","~","","","","","","","","","","",""
"26","1","J7","CN10","Connector_Generic:Conn_02x17_Odd_Even","Connector_PinSocket_2.54mm:PinSocket_2x17_P2.54mm_Vertical","~","","","","","","","","","","",""
"27","12","J8, J9, J10, J11, J15, J16, J17, J18, J19, J20, J21, J22","1751109","SymLib:1751109","FootPrint:PHOENIX_1751109","","","","Phoenix Contact","","","","","03.03.2021","","","Manufacturer Recommendations"
"28","3","J12, J13, J14","1751125","SymLib:1751125","FootPrint:PHOENIX_1751125","","","","Phoenix Contact","","","","","03.03.2021","","","Manufacturer Recommendations"
"29","16","J23, J24, J25, J26, J27, J28, J29, J30, J31, J32, J33, J34, J35, J36, J37, J38","1751099","SymLib:1751099","FootPrint:PHOENIX_1751099","","","","Phoenix Contact","","","","","03.03.2021","","","Manufacturer Recommendations"
"30","1","J39","1751112","SymLib:1751112","FootPrint:PHOENIX_1751112","","","","Phoenix Contact","","","","","03.03.2021","","","Manufacturer Recommendations"
"31","1","K1","UD2-5NU","SymLib:UD2-5NU","FootPrint:UD2_NU_KEM-L","UD2-5NU","","","","","","","","","","",""
"32","19","R1, R7, R10, R24, R25, R26, R27, R28, R29, R30, R62, R63, R89, R90, R102, R103, R104, R105, R107","10k","Device:R_Small_US","Resistor_SMD:R_0603_1608Metric","~","","","","","","","","","","",""
"33","18","R2, R12, R13, R14, R31, R32, R33, R34, R35, R36, R37, R91, R92, R108, R109, R110, R111, R112","5k","Device:R_Small_US","Resistor_SMD:R_0603_1608Metric","~","","","","","","","","","","",""
"34","1","R3","1,5k","Device:R_Small_US","Resistor_SMD:R_0603_1608Metric","~","","","","","","","","","","",""
"35","1","R4","1,1k","Device:R_Small_US","Resistor_SMD:R_0603_1608Metric","~","","","","","","","","","","",""
"36","1","R5","6,8k","Device:R_Small_US","Resistor_SMD:R_0603_1608Metric","~","","","","","","","","","","",""
"37","1","R6","RE1C002UNTCL","SymLib:RE1C002UNTCL","FootPrint:DIO_RB558WMF_ROM","RE1C002UNTCL","","","","","","","","","","",""
"38","1","R8","23,7","Device:R_Small_US","Resistor_SMD:R_0603_1608Metric","~","","","","","","","","","","",""
"39","1","R9","25,5k 1%","Device:R_Small_US","Resistor_SMD:R_0603_1608Metric","~","","","","","","","","","","",""
"40","2","R11, R17","2,5k","Device:R_Small_US","Resistor_SMD:R_0603_1608Metric","~","","","","","","","","","","",""
"41","1","R15","150","Device:R_Small_US","Resistor_SMD:R_0603_1608Metric","~","","","","","","","","","","",""
"42","1","R16","3,6k","Device:R_Small_US","Resistor_SMD:R_0603_1608Metric","~","","","","","","","","","","",""
"43","36","R18, R19, R20, R21, R22, R23, R38, R39, R40, R44, R45, R46, R48, R54, R57, R58, R59, R60, R70, R77, R78, R79, R83, R85, R87, R93, R98, R106, R113, R114, R117, R134, R135, R136, R137, R138","7,5k","Device:R_Small_US","Resistor_SMD:R_0603_1608Metric","~","","","","","","","","","","",""
"44","22","R41, R42, R43, R50, R51, R52, R53, R55, R56, R80, R81, R82, R94, R95, R96, R97, R99, R100, R101, R115, R116, R139","0Ω","Device:R_Small_US","Resistor_SMD:R_0603_1608Metric","~","","","","","","","","","","",""
"45","17","R61, R118, R119, R120, R121, R122, R123, R124, R125, R126, R127, R128, R129, R130, R131, R132, R133","1k","Device:R_Small_US","Resistor_SMD:R_0603_1608Metric","~","","","","","","","","","","",""
"46","3","R64, R65, R66","3,9k","Device:R_Small_US","Resistor_SMD:R_0603_1608Metric","~","","","","","","","","","","",""
"47","3","R67, R68, R69","5,1k","Device:R_Small_US","Resistor_SMD:R_0603_1608Metric","~","","","","","","","","","","",""
"48","3","R71, R73, R75","220k","Device:R_Small_US","Resistor_SMD:R_0603_1608Metric","~","","","","","","","","","","",""
"49","3","R72, R74, R76","270k","Device:R_Small_US","Resistor_SMD:R_0603_1608Metric","~","","","","","","","","","","",""
"50","133","TP1, TP2, TP4, TP5, TP6, TP7, TP8, TP9, TP10, TP11, TP12, TP13, TP14, TP15, TP16, TP17, TP18, TP19, TP20, TP21, TP22, TP23, TP24, TP25, TP26, TP27, TP28, TP29, TP30, TP31, TP32, TP33, TP34, TP35, TP36, TP37, TP38, TP39, TP40, TP41, TP42, TP43, TP44, TP45, TP46, TP47, TP48, TP49, TP50, TP51, TP52, TP53, TP54, TP55, TP56, TP57, TP58, TP59, TP60, TP61, TP62, TP63, TP64, TP65, TP66, TP67, TP68, TP69, TP70, TP71, TP72, TP73, TP74, TP75, TP76, TP77, TP78, TP79, TP80, TP81, TP82, TP83, TP84, TP85, TP86, TP87, TP88, TP89, TP90, TP91, TP92, TP93, TP94, TP95, TP96, TP97, TP98, TP99, TP100, TP101, TP102, TP103, TP104, TP105, TP106, TP107, TP108, TP109, TP110, TP111, TP112, TP113, TP114, TP115, TP116, TP117, TP118, TP119, TP120, TP121, TP122, TP123, TP124, TP125, TP126, TP127, TP128, TP129, TP130, TP131, TP132, TP133, TP134","5005","SymLib:5005","FootPrint:KEYSTONE_5005","","In Stock","Compact THM Test Point -Red","","","Keystone Electronics","5005","NON STANDARD-1 Keystone","","None","https://pricing.snapeda.com/search/part/5005/?ref=eda",""
"51","1","U1","PTSM36ADBZR","SymLib:PTSM36ADBZR","FootPrint:SOT-23-3_DBZ_TEX","PTSM36ADBZR","","","","","","","","","","",""
"52","1","U2","PTSM36ADBZR",":PTSM36ADBZR_1","FootPrint:SOT-23-3_DBZ_TEX","PTSM36ADBZR","","","","","","","","","","",""
"53","1","U3","STPS20M100SG-TR","SymLib:STPS20M100SG-TR","FootPrint:D2PAK_STM","STPS20M100SG-TR","","","","","","","","","","",""
"54","23","U4, U16, U20, U21, U22, U23, U40, U41, U43, U44, U45, U46, U47, U48, U49, U50, U51, U52, U53, U54, U55, U56, U57","SN74LVC3G14DCUT_V2","SymLib:SN74LVC3G14DCUT_V2","FootPrint:SN74LVC3G14DCUT","","","","","","","","","","","",""
"55","1","U5","CD4044BPWR","SymLib:CD4044BPWR","FootPrint:CD4044BPWR","CD4044BPWR","","","","","","","","","","",""
"56","1","U6","LMZ23603TZ_NOPB","SymLib:LMZ23603TZ_NOPB","FootPrint:LMZ23603","LMZ23603TZ/NOPB","","","","","","","","","","",""
"57","1","U7","TPS7A4701RGWR","SymLib:TPS7A4701RGWR","FootPrint:TPS7A470","","","","Texas Instruments","1.00mm","","","","4204100/C 07/11","","","IPC-7351B"
"58","23","U8, U9, U10, U11, U12, U24, U37, U58, U59, U61, U62, U64, U65, U67, U68, U70, U71, U73, U77, U78, U79, U81, U82","SN74LVC1G32DRLR","SymLib:SN74LVC1G32DRLR","FootPrint:DRL5","SN74LVC1G32DRLR","","","","","","","","","","",""
"59","4","U13, U25, U32, U36","ADCMP602BRMZ",":ADCMP602BRMZ_2","FootPrint:ADCMP602BRMZ","ADCMP602BRMZ","","","","","","","","","","",""
"60","6","U14, U26, U33, U34, U39, U42","ADCMP602BRMZ","SymLib:ADCMP602BRMZ","FootPrint:ADCMP602BRMZ","ADCMP602BRMZ","","","","","","","","","","",""
"61","5","U15, U27, U31, U35, U38","ADCMP602BRMZ",":ADCMP602BRMZ_1","FootPrint:ADCMP602BRMZ","ADCMP602BRMZ","","","","","","","","","","",""
"62","12","U17, U18, U19, U60, U63, U66, U69, U72, U74, U75, U76, U80","SN74LVC1G08DRLR","SymLib:SN74LVC1G08DRLR","FootPrint:DRL5","SN74LVC1G08DRLR","","","","","","","","","","",""
"63","1","U28","MCP6001T-I_OT",":MCP6001T-I_OT_2","FootPrint:SOT95P270X145-5N","","Unavailable","MCP6001 Series 6 V 1 MHz 0.6 V/us SMT Low-Power Operational Amplifier - SOT-23-5","","","Microchip","MCP6001T-I/OT","SOT-23 Microchip","","None","",""
"64","1","U29","MCP6001T-I_OT","SymLib:MCP6001T-I_OT","FootPrint:SOT95P270X145-5N","","Unavailable","MCP6001 Series 6 V 1 MHz 0.6 V/us SMT Low-Power Operational Amplifier - SOT-23-5","","","Microchip","MCP6001T-I/OT","SOT-23 Microchip","","None","",""
"65","1","U30","MCP6001T-I_OT",":MCP6001T-I_OT_1","FootPrint:SOT95P270X145-5N","","Unavailable","MCP6001 Series 6 V 1 MHz 0.6 V/us SMT Low-Power Operational Amplifier - SOT-23-5","","","Microchip","MCP6001T-I/OT","SOT-23 Microchip","","None","",""
